group_id,source_type,member_count,selected_primary_path,selected_primary_name,primary_quality_score,primary_size_mb,reason,confidence
G0001,collision,2,C:\Users\suppo\Downloads\New Music\Top1000_HipHop\50 Cent - 21 Questions ft. Nate Dogg.mp3,50 Cent - 21 Questions ft. Nate Dogg.mp3,65,8.4,quality=65; size=8.4MB; not temp file; margin=1000,high
G0002,collision,2,C:\Users\suppo\Downloads\New Music\Top1000\50 Cent - In Da Club.mp3,50 Cent - In Da Club.mp3,65,7.3,quality=65; size=7.3MB; not temp file; margin=0,low
G0003,collision,2,C:\Users\suppo\Downloads\New Music\Top1000_HipHop\A Tribe Called Quest - Electric Relaxation.mp3,A Tribe Called Quest - Electric Relaxation.mp3,65,7.6,quality=65; size=7.6MB; not temp file; margin=1500,high
G0004,collision,2,C:\Users\suppo\Downloads\New Music\Top1000\Alan Walker - Alone.mp3,Alan Walker - Alone.mp3,60,6.3,quality=60; size=6.3MB; not temp file; margin=0,low
G0005,collision,2,C:\Users\suppo\Downloads\New Music\Top1000_Club\Alan Walker - Sing Me To Sleep (Marshmello Remix).mp3,Alan Walker - Sing Me To Sleep (Marshmello Remix).mp3,65,6.5,quality=65; size=6.5MB; not temp file; margin=0,low
G0006,collision,2,C:\Users\suppo\Downloads\New Music\Top1000_Club\Alesso - I Wanna Know ft. Nico & Vinz.mp3,Alesso - I Wanna Know ft. Nico & Vinz.mp3,65,8.7,quality=65; size=8.7MB; not temp file; margin=798,high
G0007,collision,2,C:\Users\suppo\Downloads\New Music\Top1000_Blues\Allman Brothers Band - Soulshine.mp3,Allman Brothers Band - Soulshine.mp3,65,11.6,quality=65; size=11.6MB; not temp file; margin=0,low
G0008,collision,2,C:\Users\suppo\Downloads\New Music\Top1000_Club\Axwell Λ Ingrosso - Thinking About You (Festival Mix).mp3,Axwell Λ Ingrosso - Thinking About You (Festival Mix).mp3,65,10.4,quality=65; size=10.4MB; not temp file; margin=3,low
G0009,collision,2,C:\Users\suppo\Downloads\New Music\Top1000_HipHop\Big L - Put It On.mp3,Big L - Put It On.mp3,60,6.2,quality=60; size=6.2MB; not temp file; margin=500,high
G0010,collision,2,C:\Users\suppo\Downloads\New Music\Top1000_HipHop\Big Pun - Still Not a Player ft. Joe.mp3,Big Pun - Still Not a Player ft. Joe.mp3,65,8.7,quality=65; size=8.7MB; not temp file; margin=1000,high
G0011,collision,2,C:\Users\suppo\Downloads\New Music\Top1000_HipHop\Big Pun - Twinz (Deep Cover 98) ft. Fat Joe.mp3,Big Pun - Twinz (Deep Cover 98) ft. Fat Joe.mp3,65,8.3,quality=65; size=8.3MB; not temp file; margin=0,low
G0012,collision,2,C:\Users\suppo\Downloads\New Music\Top1000\Calvin Harris - Summer.mp3,Calvin Harris - Summer.mp3,65,7.6,quality=65; size=7.6MB; not temp file; margin=0,low
G0013,collision,2,"C:\Users\suppo\Downloads\New Music\Top1000\Calvin Harris, Rihanna - This Is What You Came For.mp3","Calvin Harris, Rihanna - This Is What You Came For.mp3",65,7.7,quality=65; size=7.7MB; not temp file; margin=0,low
G0014,collision,2,C:\Users\suppo\Downloads\New Music\Top1000_Country\Chris Janson - ＂Buy Me A Boat＂.mp3,Chris Janson - ＂Buy Me A Boat＂.mp3,59,6.6,quality=59; size=6.6MB; not temp file; margin=0,low
G0015,collision,2,C:\Users\suppo\Downloads\New Music\Top1000\Clean Bandit - Rockabye.mp3,Clean Bandit - Rockabye.mp3,60,8.2,quality=60; size=8.2MB; not temp file; margin=0,low
G0016,collision,2,C:\Users\suppo\Downloads\New Music\Top1000\Coldplay - Hymn For The Weekend.mp3,Coldplay - Hymn For The Weekend.mp3,65,9.0,quality=65; size=9.0MB; not temp file; margin=1,low
G0017,collision,2,C:\Users\suppo\Downloads\New Music\Top1000\Coolio - Gangstas Paradise ft. L.V..mp3,Coolio - Gangstas Paradise ft. L.V..mp3,65,8.4,quality=65; size=8.4MB; not temp file; margin=0,low
G0018,collision,2,C:\Users\suppo\Downloads\New Music\Top1000\Coolio - Gangstas Paradise.mp3,Coolio - Gangstas Paradise.mp3,65,8.5,quality=65; size=8.5MB; not temp file; margin=0,low
G0019,collision,2,C:\Users\suppo\Downloads\New Music\Top1000_HipHop\Cypress Hill - Hits from the Bong (Official Audio).mp3,Cypress Hill - Hits from the Bong (Official Audio).mp3,65,5.0,quality=65; size=5.0MB; not temp file; margin=0,low
G0020,collision,2,C:\Users\suppo\Downloads\New Music\Top1000_HipHop\Cypress Hill - Insane In The Brain.mp3,Cypress Hill - Insane In The Brain.mp3,65,7.1,quality=65; size=7.1MB; not temp file; margin=1000,high
G0021,collision,5,C:\Users\suppo\Downloads\New Music\Top1000\Dax - ＂The Devils Calling＂.mp3,Dax - ＂The Devils Calling＂.mp3,59,5.8,quality=59; size=5.8MB; not temp file; margin=499,high
G0022,collision,2,C:\Users\suppo\Downloads\New Music\Top1000_HipHop\dead prez - Hip Hop (Digital Video).mp3,dead prez - Hip Hop (Digital Video).mp3,65,7.7,quality=65; size=7.7MB; not temp file; margin=500,high
G0023,collision,2,C:\Users\suppo\Downloads\New Music\Top1000_Club\Dimitri Vegas & Like Mike ft. Wolfpack & Katy B - Find Tomorrow.mp3,Dimitri Vegas & Like Mike ft. Wolfpack & Katy B - Find Tomorrow.mp3,60,6.5,quality=60; size=6.5MB; not temp file; margin=499,high
G0024,collision,2,C:\Users\suppo\Downloads\New Music\Top1000_Club\Dimitri Vegas & Like Mike vs Sander van Doorn - Project T.mp3,Dimitri Vegas & Like Mike vs Sander van Doorn - Project T.mp3,65,8.9,quality=65; size=8.9MB; not temp file; margin=499,high
G0025,collision,2,C:\Users\suppo\Downloads\New Music\Top1000_HipHop\DJ Jazzy Jeff & The Fresh Prince - Summertime.mp3,DJ Jazzy Jeff & The Fresh Prince - Summertime.mp3,65,8.0,quality=65; size=8.0MB; not temp file; margin=1500,high
G0026,collision,3,C:\Users\suppo\Downloads\New Music\Top1000\DJ Snake - Let Me Love You ft. Justin Bieber.mp3,DJ Snake - Let Me Love You ft. Justin Bieber.mp3,65,6.4,quality=65; size=6.4MB; not temp file; margin=0,low
G0027,collision,2,C:\Users\suppo\Downloads\New Music\Top1000\Dr. Dre - Still D.R.E. ft. Snoop Dogg.mp3,Dr. Dre - Still D.R.E. ft. Snoop Dogg.mp3,65,9.6,quality=65; size=9.6MB; not temp file; margin=0,low
G0028,collision,2,C:\Users\suppo\Downloads\New Music\Top1000_Country\Easton Corbin - A Little More Country Than That.mp3,Easton Corbin - A Little More Country Than That.mp3,65,5.0,quality=65; size=5.0MB; not temp file; margin=1500,high
G0029,collision,2,C:\Users\suppo\Downloads\New Music\Top1000\Eminem - Lose Yourself.mp3,Eminem - Lose Yourself.mp3,65,7.5,quality=65; size=7.5MB; not temp file; margin=0,low
G0030,collision,2,C:\Users\suppo\Downloads\New Music\Top1000\Eminem - Mockingbird.mp3,Eminem - Mockingbird.mp3,65,8.3,quality=65; size=8.3MB; not temp file; margin=0,low
G0031,collision,2,C:\Users\suppo\Downloads\New Music\Top1000_HipHop\Eminem - My Name Is.mp3,Eminem - My Name Is.mp3,60,8.3,quality=60; size=8.3MB; not temp file; margin=500,high
G0032,collision,2,C:\Users\suppo\Downloads\New Music\Top1000\Eminem - Rap God.mp3,Eminem - Rap God.mp3,60,12.2,quality=60; size=12.2MB; not temp file; margin=0,low
G0033,collision,2,C:\Users\suppo\Downloads\New Music\Top1000\Eminem - Without Me.mp3,Eminem - Without Me.mp3,60,9.0,quality=60; size=9.0MB; not temp file; margin=0,low
G0034,collision,2,C:\Users\suppo\Downloads\New Music\Top1000_HipHop\Fugees - Fu-Gee-La.mp3,Fugees - Fu-Gee-La.mp3,60,8.4,quality=60; size=8.4MB; not temp file; margin=500,high
G0035,collision,2,C:\Users\suppo\Downloads\New Music\Top1000\George Michael - Careless Whisper.mp3,George Michael - Careless Whisper.mp3,65,10.1,quality=65; size=10.1MB; not temp file; margin=1000,high
G0036,collision,2,C:\Users\suppo\Downloads\New Music\Top1000_HipHop\House of Pain - Jump Around.mp3,House of Pain - Jump Around.mp3,65,8.0,quality=65; size=8.0MB; not temp file; margin=1000,high
G0037,collision,2,C:\Users\suppo\Downloads\New Music\Top1000\Imagine Dragons - Believer.mp3,Imagine Dragons - Believer.mp3,65,7.0,quality=65; size=7.0MB; not temp file; margin=0,low
G0038,collision,3,C:\Users\suppo\Downloads\New Music\Top1000_HipHop\Jedi Mind Tricks - ＂Heavy Metal Kings＂.mp3,Jedi Mind Tricks - ＂Heavy Metal Kings＂.mp3,59,8.9,quality=59; size=8.9MB; not temp file; margin=2,low
G0039,collision,2,C:\Users\suppo\Downloads\New Music\Top1000_Country\Kacey Musgraves - Biscuits.mp3,Kacey Musgraves - Biscuits.mp3,65,6.5,quality=65; size=6.5MB; not temp file; margin=500,high
G0040,collision,2,C:\Users\suppo\Downloads\New Music\Top1000_Symphonic_Power Metal\KAMELOT - Eventide (Static Video) ｜ Napalm Records.mp3,KAMELOT - Eventide (Static Video) ｜ Napalm Records.mp3,62,8.6,quality=62; size=8.6MB; not temp file; margin=1000,high
G0041,collision,2,C:\Users\suppo\Downloads\New Music\Top1000_Country\Kenny Chesney - Way Down Here.mp3,Kenny Chesney - Way Down Here.mp3,65,10.0,quality=65; size=10.0MB; not temp file; margin=1000,high
G0042,collision,2,"C:\Users\suppo\Downloads\New Music\Top1000\LMFAO - Party Rock Anthem ft. Lauren Bennett, GoonRock.mp3","LMFAO - Party Rock Anthem ft. Lauren Bennett, GoonRock.mp3",65,11.2,quality=65; size=11.2MB; not temp file; margin=503,high
G0043,collision,2,C:\Users\suppo\Downloads\New Music\Top1000_HipHop\LUNIZ - I GOT 5 ON IT.mp3,LUNIZ - I GOT 5 ON IT.mp3,65,7.9,quality=65; size=7.9MB; not temp file; margin=1000,high
G0044,collision,3,C:\Users\suppo\Downloads\New Music\Top1000\Major Lazer - Cold Water.mp3,Major Lazer - Cold Water.mp3,65,6.0,quality=65; size=6.0MB; not temp file; margin=0,low
G0045,collision,2,C:\Users\suppo\Downloads\New Music\Top1000\Marshmello - Alone.mp3,Marshmello - Alone.mp3,60,6.3,quality=60; size=6.3MB; not temp file; margin=0,low
G0046,collision,2,C:\Users\suppo\Downloads\New Music\Top1000\Martin Garrix - Animals.mp3,Martin Garrix - Animals.mp3,65,6.1,quality=65; size=6.1MB; not temp file; margin=1000,high
G0047,collision,2,C:\Users\suppo\Downloads\New Music\Top1000\Michael Jackson - Billie Jean.mp3,Michael Jackson - Billie Jean.mp3,65,10.0,quality=65; size=10.0MB; not temp file; margin=0,low
G0048,collision,2,C:\Users\suppo\Downloads\New Music\Top1000\Mike Posner - I Took A Pill In Ibiza.mp3,Mike Posner - I Took A Pill In Ibiza.mp3,65,7.4,quality=65; size=7.4MB; not temp file; margin=1,low
G0049,collision,2,C:\Users\suppo\Downloads\New Music\Top1000\MIRA - Bad Booty ｜ Official Video.mp3,MIRA - Bad Booty ｜ Official Video.mp3,52,5.4,quality=52; size=5.4MB; not temp file; margin=0,low
G0050,collision,2,C:\Users\suppo\Downloads\New Music\Top1000\MIRA - Come With Me.mp3,MIRA - Come With Me.mp3,60,5.5,quality=60; size=5.5MB; not temp file; margin=0,low
G0051,collision,2,C:\Users\suppo\Downloads\New Music\Top1000\MIRA - Duro ｜ Lyric Video.mp3,MIRA - Duro ｜ Lyric Video.mp3,57,6.1,quality=57; size=6.1MB; not temp file; margin=0,low
G0052,collision,2,C:\Users\suppo\Downloads\New Music\Top1000\MIRA - Ladida ｜ Lyric Video.mp3,MIRA - Ladida ｜ Lyric Video.mp3,57,6.7,quality=57; size=6.7MB; not temp file; margin=0,low
G0053,collision,3,C:\Users\suppo\Downloads\New Music\Top1000\MIRA - Love Again.mp3,MIRA - Love Again.mp3,60,5.5,quality=60; size=5.5MB; not temp file; margin=0,low
G0054,collision,3,"C:\Users\suppo\Downloads\New Music\Top1000\MIRA - Ring, Ring ｜ Official Video.mp3","MIRA - Ring, Ring ｜ Official Video.mp3",52,5.0,quality=52; size=5.0MB; not temp file; margin=0,low
G0055,collision,2,"C:\Users\suppo\Downloads\New Music\Top1000_HipHop\Mobb Deep - Shook Ones, Pt. II.mp3","Mobb Deep - Shook Ones, Pt. II.mp3",65,8.8,quality=65; size=8.8MB; not temp file; margin=1000,high
G0056,collision,2,C:\Users\suppo\Downloads\New Music\Top1000_HipHop\Mobb Deep - Survival of the Fittest.mp3,Mobb Deep - Survival of the Fittest.mp3,65,7.5,quality=65; size=7.5MB; not temp file; margin=1000,high
G0057,collision,2,C:\Users\suppo\Downloads\New Music\Top1000_HipHop\Nas - Hate Me Now ft. Puff Daddy.mp3,Nas - Hate Me Now ft. Puff Daddy.mp3,65,9.0,quality=65; size=9.0MB; not temp file; margin=1000,high
G0058,collision,2,C:\Users\suppo\Downloads\New Music\Top1000_HipHop\Nas - Nas Is Like.mp3,Nas - Nas Is Like.mp3,60,7.4,quality=60; size=7.4MB; not temp file; margin=500,high
G0059,collision,2,C:\Users\suppo\Downloads\New Music\Top1000_HipHop\Naughty by Nature - Hip Hop Hooray.mp3,Naughty by Nature - Hip Hop Hooray.mp3,65,9.6,quality=65; size=9.6MB; not temp file; margin=1000,high
G0060,collision,2,C:\Users\suppo\Downloads\New Music\Top1000_HipHop\Naughty By Nature - O.P.P..mp3,Naughty By Nature - O.P.P..mp3,65,8.6,quality=65; size=8.6MB; not temp file; margin=1500,high
G0061,collision,2,C:\Users\suppo\Downloads\New Music\Top1000\Nirvana - Smells Like Teen Spirit.mp3,Nirvana - Smells Like Teen Spirit.mp3,65,9.3,quality=65; size=9.3MB; not temp file; margin=1000,high
G0062,collision,2,C:\Users\suppo\Downloads\New Music\Top1000_Country\Post Monroe： ＂Dixie Dust＂.mp3,Post Monroe： ＂Dixie Dust＂.mp3,46,7.5,size=7.5MB; not temp file; margin=0,low
G0063,collision,2,C:\Users\suppo\Downloads\New Music\Top1000_Hard Rock_Metal\Queen - Bohemian Rhapsody (2011 Digital Remaster).mp3,Queen - Bohemian Rhapsody (2011 Digital Remaster).mp3,65,9.5,quality=65; size=9.5MB; not temp file; margin=1299,high
G0064,collision,2,"C:\Users\suppo\Downloads\New Music\Top1000_HipHop\Raekwon - Ice Cream ft. Ghostface Killah, Method Man, Cappadonna.mp3","Raekwon - Ice Cream ft. Ghostface Killah, Method Man, Cappadonna.mp3",60,7.8,quality=60; size=7.8MB; not temp file; margin=1500,high
G0065,collision,2,C:\Users\suppo\Downloads\New Music\Top1000_Club\Sam Feldt X Lucas & Steve feat Wulf - Summer on You.mp3,Sam Feldt X Lucas & Steve feat Wulf - Summer on You.mp3,65,6.2,quality=65; size=6.2MB; not temp file; margin=1,low
G0066,collision,2,C:\Users\suppo\Downloads\New Music\Top1000_Hard Rock_Metal\Steppenwolf - Born To Be Wild.mp3,Steppenwolf - Born To Be Wild.mp3,65,6.3,quality=65; size=6.3MB; not temp file; margin=0,low
G0067,collision,2,C:\Users\suppo\Downloads\New Music\Top1000\The Chainsmokers & Coldplay - Something Just Like This.mp3,The Chainsmokers & Coldplay - Something Just Like This.mp3,65,7.8,quality=65; size=7.8MB; not temp file; margin=0,low
G0068,collision,3,C:\Users\suppo\Downloads\New Music\Top1000_Club\The Chainsmokers - Closer ft. Halsey.mp3,The Chainsmokers - Closer ft. Halsey.mp3,65,8.8,quality=65; size=8.8MB; not temp file; margin=1,low
G0069,collision,2,C:\Users\suppo\Downloads\New Music\Top1000\The Chainsmokers - Dont Let Me Down ft. Daya.mp3,The Chainsmokers - Dont Let Me Down ft. Daya.mp3,65,7.3,quality=65; size=7.3MB; not temp file; margin=2,low
G0070,collision,2,C:\Users\suppo\Downloads\New Music\Top1000_HipHop\The Notorious B.I.G. - Hypnotize.mp3,The Notorious B.I.G. - Hypnotize.mp3,65,12.1,quality=65; size=12.1MB; not temp file; margin=1500,high
G0071,collision,2,C:\Users\suppo\Downloads\New Music\Top1000_HipHop\The Notorious B.I.G. - Juicy.mp3,The Notorious B.I.G. - Juicy.mp3,65,9.4,quality=65; size=9.4MB; not temp file; margin=1500,high
G0072,collision,2,C:\Users\suppo\Downloads\New Music\Top1000_HipHop\The Notorious B.I.G. - Warning.mp3,The Notorious B.I.G. - Warning.mp3,65,7.0,quality=65; size=7.0MB; not temp file; margin=1000,high
G0073,collision,2,C:\Users\suppo\Downloads\New Music\Top1000_HipHop\The Notorious B.I.G. - Who Shot Ya？ (Official Audio).mp3,The Notorious B.I.G. - Who Shot Ya？ (Official Audio).mp3,65,9.7,quality=65; size=9.7MB; not temp file; margin=0,low
G0074,collision,2,C:\Users\suppo\Downloads\New Music\Top1000\The Weeknd - Cant Feel My Face.mp3,The Weeknd - Cant Feel My Face.mp3,65,7.3,quality=65; size=7.3MB; not temp file; margin=0,low
G0075,collision,2,C:\Users\suppo\Downloads\New Music\Top1000\The Weeknd - I Feel It Coming ft. Daft Punk.mp3,The Weeknd - I Feel It Coming ft. Daft Punk.mp3,65,9.5,quality=65; size=9.5MB; not temp file; margin=0,low
G0076,collision,2,C:\Users\suppo\Downloads\New Music\Top1000\The Weeknd - Starboy ft. Daft Punk ft. Daft Punk.mp3,The Weeknd - Starboy ft. Daft Punk ft. Daft Punk.mp3,65,8.8,quality=65; size=8.8MB; not temp file; margin=0,low
G0077,collision,2,"C:\Users\suppo\Downloads\New Music\Top1000\TOESUP, Smiley - Two Feet (DJ Dark Remix).mp3","TOESUP, Smiley - Two Feet (DJ Dark Remix).mp3",65,5.2,quality=65; size=5.2MB; not temp file; margin=0,low
G0078,collision,2,C:\Users\suppo\Downloads\New Music\Top1000\Tove Lo - Habits - Hippie Sabotage Remix.mp3,Tove Lo - Habits - Hippie Sabotage Remix.mp3,65,7.8,quality=65; size=7.8MB; not temp file; margin=0,low
G0079,collision,2,C:\Users\suppo\Downloads\New Music\Top1000_HipHop\Wu-Tang Clan - C.R.E.A.M..mp3,Wu-Tang Clan - C.R.E.A.M..mp3,65,8.6,quality=65; size=8.6MB; not temp file; margin=1000,high
G0080,collision,2,C:\Users\suppo\Downloads\New Music\Top1000_HipHop\Wu-Tang Clan - Triumph ft. Cappadonna.mp3,Wu-Tang Clan - Triumph ft. Cappadonna.mp3,65,10.6,quality=65; size=10.6MB; not temp file; margin=1000,high
G0081,near_duplicate,2,C:\Users\suppo\Downloads\New Music\Top1000_HipHop\175 - 2Pac - I Get Around.mp3,175 - 2Pac - I Get Around.mp3,62,8.9,quality=62; size=8.9MB; not temp file; margin=200,high
G0082,near_duplicate,2,C:\Users\suppo\Downloads\New Music\Top1000\Kelly Clarkson - mine.mp3,Kelly Clarkson - mine.mp3,65,5.9,quality=65; size=5.9MB; not temp file; margin=499,high
G0083,near_duplicate,2,C:\Users\suppo\Downloads\New Music\Top1000_Hard Rock_Metal\Kiss Deuce lyrics.mp3,Kiss Deuce lyrics.mp3,45,5.5,size=5.5MB; not temp file; margin=3500,high
G0084,near_duplicate,2,C:\Users\suppo\Downloads\New Music\Top1000_Hard Rock_Metal\UFO - Doctor Doctor.mp3,UFO - Doctor Doctor.mp3,60,8.1,quality=60; size=8.1MB; not temp file; margin=3500,high
G0085,near_duplicate,2,C:\Users\suppo\Downloads\New Music\Top1000_Hard Rock_Metal\Slayer - Hell Awaits.mp3,Slayer - Hell Awaits.mp3,65,10.4,quality=65; size=10.4MB; not temp file; margin=4000,high
G0086,near_duplicate,2,C:\Users\suppo\Downloads\New Music\Top1000\Alan Walker - The Spectre.mp3,Alan Walker - The Spectre.mp3,65,7.2,quality=65; size=7.2MB; not temp file; margin=0,low
G0087,near_duplicate,2,C:\Users\suppo\Downloads\New Music\Top1000_HipHop\Queen Latifah - U.N.I.T.Y..mp3,Queen Latifah - U.N.I.T.Y..mp3,65,7.0,quality=65; size=7.0MB; not temp file; margin=300,high
G0088,near_duplicate,2,C:\Users\suppo\Downloads\New Music\Top1000_HipHop\Snoop Dogg - Who Am I？.mp3,Snoop Dogg - Who Am I？.mp3,65,9.1,quality=65; size=9.1MB; not temp file; margin=0,low
G0089,near_duplicate,2,C:\Users\suppo\Downloads\New Music\Top1000_HipHop\2Pac - Ambitionz Az A Ridah.mp3,2Pac - Ambitionz Az A Ridah.mp3,65,7.9,quality=65; size=7.9MB; not temp file; margin=1078,high
G0090,near_duplicate,2,C:\Users\suppo\Downloads\New Music\Top1000_Hard Rock_Metal\Dio - The Last In Line.mp3,Dio - The Last In Line.mp3,65,10.7,quality=65; size=10.7MB; not temp file; margin=4000,high
G0091,near_duplicate,2,C:\Users\suppo\Downloads\New Music\Top1000_Club\W&W and MOTi - Spack Jarrow.mp3,W&W and MOTi - Spack Jarrow.mp3,65,9.2,quality=65; size=9.2MB; not temp file; margin=3,low
G0092,near_duplicate,2,C:\Users\suppo\Downloads\New Music\Top1000_HipHop\Ice Cube - Check Yo Self.mp3,Ice Cube - Check Yo Self.mp3,65,10.3,quality=65; size=10.3MB; not temp file; margin=3,low
G0093,near_duplicate,2,C:\Users\suppo\Downloads\New Music\Top1000_Hard Rock_Metal\Denim and Leather-Saxon (studio version).mp3,Denim and Leather-Saxon (studio version).mp3,55,10.2,quality=55; size=10.2MB; not temp file; margin=4000,high
G0094,near_duplicate,2,C:\Users\suppo\Downloads\New Music\Top1000_Hard Rock_Metal\Pantera - 5 Minutes Alone (Official Music Video) [4K Remaster].mp3,Pantera - 5 Minutes Alone (Official Music Video) [4K Remaster].mp3,45,11.7,size=11.7MB; not temp file; margin=3999,high
G0095,near_duplicate,2,C:\Users\suppo\Downloads\New Music\Top1000_Hard Rock_Metal\black sabbath - sweet leaf.mp3,black sabbath - sweet leaf.mp3,65,8.1,quality=65; size=8.1MB; not temp file; margin=4000,high
G0096,near_duplicate,2,C:\Users\suppo\Downloads\New Music\Top1000_HipHop\Snoop Dogg - Gin And Juice.mp3,Snoop Dogg - Gin And Juice.mp3,65,7.9,quality=65; size=7.9MB; not temp file; margin=300,high
G0097,near_duplicate,2,C:\Users\suppo\Downloads\New Music\Top1000_HipHop\Dr Dre - Nuthin But A ＂G＂ Thang.mp3,Dr Dre - Nuthin But A ＂G＂ Thang.mp3,59,8.7,quality=59; size=8.7MB; not temp file; margin=4000,high
G0099,near_duplicate,2,C:\Users\suppo\Downloads\New Music\Top1000_HipHop\Gang Starr - Above The Clouds.mp3,Gang Starr - Above The Clouds.mp3,65,6.2,quality=65; size=6.2MB; not temp file; margin=1081,high
G0100,near_duplicate,2,C:\Users\suppo\Downloads\New Music\Top1000_HipHop\Beastie Boys - Intergalactic.mp3,Beastie Boys - Intergalactic.mp3,65,9.4,quality=65; size=9.4MB; not temp file; margin=300,high
G0101,near_duplicate,2,C:\Users\suppo\Downloads\New Music\Top1000_HipHop\Craig Mack - Flava In Ya Ear.mp3,Craig Mack - Flava In Ya Ear.mp3,65,9.5,quality=65; size=9.5MB; not temp file; margin=1000,high
G0102,near_duplicate,2,C:\Users\suppo\Downloads\New Music\Top1000_HipHop\Ice Cube - It Was A Good Day.mp3,Ice Cube - It Was A Good Day.mp3,65,10.0,quality=65; size=10.0MB; not temp file; margin=300,high
G0103,near_duplicate,2,C:\Users\suppo\Downloads\New Music\Top1000_HipHop\Eazy-E - Real Muthaphuckkin G's (Music Video).mp3,Eazy-E - Real Muthaphuckkin G's (Music Video).mp3,60,8.9,quality=60; size=8.9MB; not temp file; margin=300,high
G0105,near_duplicate,2,C:\Users\suppo\Downloads\New Music\Top1000_Southern Rock\Hank Williams Jr - Simple Man.mp3,Hank Williams Jr - Simple Man.mp3,65,7.2,quality=65; size=7.2MB; not temp file; margin=4000,high
G0106,near_duplicate,2,C:\Users\suppo\Downloads\New Music\Top1000_Blues\sonny boy williamson help me.mp3,sonny boy williamson help me.mp3,55,3.6,quality=55; size=3.6MB; not temp file; margin=4000,high
G0107,near_duplicate,2,C:\Users\suppo\Downloads\New Music\Top1000_HipHop\Biggie Smalls - Notorious Thugs.mp3,Biggie Smalls - Notorious Thugs.mp3,65,11.4,quality=65; size=11.4MB; not temp file; margin=4000,high
G0108,near_duplicate,2,C:\Users\suppo\Downloads\New Music\Top1000_Hard Rock_Metal\Led Zeppelin - Rock and Roll HQ.mp3,Led Zeppelin - Rock and Roll HQ.mp3,65,6.9,quality=65; size=6.9MB; not temp file; margin=3999,high
G0109,near_duplicate,2,C:\Users\suppo\Downloads\New Music\Top1000_HipHop\Ice Cube - You Know How We Do It.mp3,Ice Cube - You Know How We Do It.mp3,65,7.5,quality=65; size=7.5MB; not temp file; margin=300,high
G0110,near_duplicate,2,C:\Users\suppo\Downloads\New Music\Top1000_HipHop\Bone Thugs N Harmony - Crossroads.mp3,Bone Thugs N Harmony - Crossroads.mp3,65,4.6,quality=65; size=4.6MB; not temp file; margin=300,high
G0111,near_duplicate,2,C:\Users\suppo\Downloads\New Music\Top1000_HipHop\Black Star - Respiration ft. Common.mp3,Black Star - Respiration ft. Common.mp3,65,8.4,quality=65; size=8.4MB; not temp file; margin=300,high
G0112,near_duplicate,2,C:\Users\suppo\Downloads\New Music\Top1000_HipHop\Geto Boys - Mind Playing Tricks On Me.mp3,Geto Boys - Mind Playing Tricks On Me.mp3,65,7.1,quality=65; size=7.1MB; not temp file; margin=1082,high
G0113,near_duplicate,2,C:\Users\suppo\Downloads\New Music\Top1000_Hard Rock_Metal\Savatage - Hall Of The Mountain King.mp3,Savatage - Hall Of The Mountain King.mp3,65,9.8,quality=65; size=9.8MB; not temp file; margin=4000,high
G0114,near_duplicate,2,C:\Users\suppo\Downloads\New Music\Top1000_HipHop\Bone Thugs-n-Harmony - 1st of tha Month.mp3,Bone Thugs-n-Harmony - 1st of tha Month.mp3,65,8.7,quality=65; size=8.7MB; not temp file; margin=4,low
G0115,near_duplicate,2,C:\Users\suppo\Downloads\New Music\Top1000_Club\Dimitri Vegas & Like Mike vs W&W - Arcade.mp3,Dimitri Vegas & Like Mike vs W&W - Arcade.mp3,65,7.4,quality=65; size=7.4MB; not temp file; margin=1,low
G0116,near_duplicate,2,C:\Users\suppo\Downloads\New Music\Top1000_HipHop\The Roots - You Got Me ft. Erykah Badu.mp3,The Roots - You Got Me ft. Erykah Badu.mp3,65,8.9,quality=65; size=8.9MB; not temp file; margin=300,high
G0117,near_duplicate,2,C:\Users\suppo\Downloads\New Music\Top1000_Hard Rock_Metal\Heaven and Hell - Black Sabbath lyrics.mp3,Heaven and Hell - Black Sabbath lyrics.mp3,60,11.4,quality=60; size=11.4MB; not temp file; margin=4000,high
G0118,near_duplicate,2,C:\Users\suppo\Downloads\New Music\Top1000_Symphonic_Power Metal\EXIT EDEN - Femme Fatale (Official Video) ｜ Napalm Records.mp3,EXIT EDEN - Femme Fatale (Official Video) ｜ Napalm Records.mp3,52,9.9,quality=52; size=9.9MB; not temp file; margin=4499,high
G0119,near_duplicate,2,C:\Users\suppo\Downloads\New Music\Top1000_Symphonic_Power Metal\WIND ROSE - To Be a Dwarf (Official Video) ｜ Napalm Records.mp3,WIND ROSE - To Be a Dwarf (Official Video) ｜ Napalm Records.mp3,52,11.0,quality=52; size=11.0MB; not temp file; margin=4499,high
G0120,near_duplicate,2,C:\Users\suppo\Downloads\New Music\Top1000_Symphonic_Power Metal\HAMMERFALL - Hammer Of Dawn (Official Video) ｜ Napalm Records.mp3,HAMMERFALL - Hammer Of Dawn (Official Video) ｜ Napalm Records.mp3,47,8.6,size=8.6MB; not temp file; margin=4000,high
G0121,near_duplicate,2,C:\Users\suppo\Downloads\New Music\Top1000_Symphonic_Power Metal\POWERWOLF - Beast Of Gévaudan (Official Video) ｜ Napalm Records.mp3,POWERWOLF - Beast Of Gévaudan (Official Video) ｜ Napalm Records.mp3,47,7.6,size=7.6MB; not temp file; margin=4000,high
G0122,near_duplicate,2,C:\Users\suppo\Downloads\New Music\Top1000_HipHop\Bone Thugs n Harmony - Thuggish Ruggish Bone.mp3,Bone Thugs n Harmony - Thuggish Ruggish Bone.mp3,65,4.5,quality=65; size=4.5MB; not temp file; margin=300,high
G0123,near_duplicate,2,C:\Users\suppo\Downloads\New Music\Top1000_Symphonic_Power Metal\SERENITY - The End Of Babylon (Official Video) ｜ Napalm Records.mp3,SERENITY - The End Of Babylon (Official Video) ｜ Napalm Records.mp3,47,8.5,size=8.5MB; not temp file; margin=3999,high
G0124,near_duplicate,2,C:\Users\suppo\Downloads\New Music\Top1000_Symphonic_Power Metal\DOMINUM - The Circus Is In Town (Official Video) ｜ Napalm Records.mp3,DOMINUM - The Circus Is In Town (Official Video) ｜ Napalm Records.mp3,47,6.7,size=6.7MB; not temp file; margin=3999,high
G0125,near_duplicate,2,C:\Users\suppo\Downloads\New Music\Top1000_Symphonic_Power Metal\DELAIN - The Quest And The Curse (Official Video) ｜ Napalm Records.mp3,DELAIN - The Quest And The Curse (Official Video) ｜ Napalm Records.mp3,47,9.9,size=9.9MB; not temp file; margin=4000,high
G0126,near_duplicate,2,C:\Users\suppo\Downloads\New Music\Top1000_Southern Rock\Charlie Daniels Band - The South's Gonna Do It (Live).mp3,Charlie Daniels Band - The South's Gonna Do It (Live).mp3,65,5.4,quality=65; size=5.4MB; not temp file; margin=1078,high
G0127,near_duplicate,2,C:\Users\suppo\Downloads\New Music\Top1000_Symphonic_Power Metal\WARKINGS - Genghis Khan (feat. Orden Ogan) (Official Video) ｜ Napalm Records.mp3,WARKINGS - Genghis Khan (feat. Orden Ogan) (Official Video) ｜ Napalm Records.mp3,47,6.4,size=6.4MB; not temp file; margin=4499,high
G0128,near_duplicate,2,C:\Users\suppo\Downloads\New Music\Top1000_Symphonic_Power Metal\WARKINGS - Hellfire feat. Morgana le Fay (Official Video) ｜ Napalm Records.mp3,WARKINGS - Hellfire feat. Morgana le Fay (Official Video) ｜ Napalm Records.mp3,47,11.7,size=11.7MB; not temp file; margin=1,low
G0129,near_duplicate,2,C:\Users\suppo\Downloads\New Music\Top1000_Symphonic_Power Metal\VISIONS OF ATLANTIS & WARKINGS - Pirates & Kings (Official Video) ｜ Napalm Records.mp3,VISIONS OF ATLANTIS & WARKINGS - Pirates & Kings (Official Video) ｜ Napalm Records.mp3,42,6.9,size=6.9MB; not temp file; margin=3999,high
G0130,near_duplicate,2,C:\Users\suppo\Downloads\New Music\Top1000_Motown\Smokey Robinson Greatest Hits 💿 Full Album ｜ Best Classic Soul & Motown Songs.mp3,Smokey Robinson Greatest Hits 💿 Full Album ｜ Best Classic Soul & Motown Songs.mp3,47,223.2,size=223.2MB; not temp file; margin=4500,high
G0131,near_duplicate,2,"C:\Users\suppo\Downloads\New Music\Top1000_Jazz\Jazz Classics 50s-60s-70s 🎶🎷Nat King Cole, Louis Armstrong, Ray Charles, Frank Sinatra.mp3","Jazz Classics 50s-60s-70s 🎶🎷Nat King Cole, Louis Armstrong, Ray Charles, Frank Sinatra.mp3",45,108.1,size=108.1MB; not temp file; margin=4000,high
G0132,near_duplicate,2,C:\Users\suppo\Downloads\New Music\Top1000_Motown\Marvin Gaye ❤️ Let’s Get It On – Greatest Hits Full Album ｜ Top 100 Motown Soul Classics.mp3,Marvin Gaye ❤️ Let’s Get It On – Greatest Hits Full Album ｜ Top 100 Motown Soul Classics.mp3,33,209.2,size=209.2MB; not temp file; margin=3800,high
G0133,near_duplicate,2,"C:\Users\suppo\Downloads\New Music\Top1000_Motown\Best Motown Hits of All Time 🎶 Soul Legends： Marvin Gaye, Smokey Robinson & James Brown.mp3","Best Motown Hits of All Time 🎶 Soul Legends： Marvin Gaye, Smokey Robinson & James Brown.mp3",42,169.5,size=169.5MB; not temp file; margin=4000,high
G0134,near_duplicate,2,C:\Users\suppo\Downloads\New Music\Top1000_Motown\Top 100 Motown Classics ｜ Soul & R&B Oldies from the 70s 80s 90s ｜ Timeless Hits Playlist.mp3,Top 100 Motown Classics ｜ Soul & R&B Oldies from the 70s 80s 90s ｜ Timeless Hits Playlist.mp3,39,225.5,size=225.5MB; not temp file; margin=4000,high
G0135,near_duplicate,2,"C:\Users\suppo\Downloads\New Music\Top1000_Jazz\Jazz Legends Playlist 🎷 Frank Sinatra, Louis Armstrong, Nat King Cole ｜ Vintage Jazz Vibes.mp3","Jazz Legends Playlist 🎷 Frank Sinatra, Louis Armstrong, Nat King Cole ｜ Vintage Jazz Vibes.mp3",42,122.5,size=122.5MB; not temp file; margin=4000,high
G0136,near_duplicate,2,"C:\Users\suppo\Downloads\New Music\Top1000_Motown\Motown Soul Legends 🎙️ Marvin Gaye, James Brown, Smokey Robinson ... ｜ Greatest Hits of All Time.mp3","Motown Soul Legends 🎙️ Marvin Gaye, James Brown, Smokey Robinson ... ｜ Greatest Hits of All Time.mp3",39,182.8,size=182.8MB; not temp file; margin=4000,high
G0137,near_duplicate,2,C:\Users\suppo\Downloads\New Music\Top1000_Motown\James Brown Greatest Hits 2025 ｜ Full Album Playlist ｜ The Godfather of Souls Top 30 Songs.mp3,James Brown Greatest Hits 2025 ｜ Full Album Playlist ｜ The Godfather of Souls Top 30 Songs.mp3,39,180.2,size=180.2MB; not temp file; margin=4000,high
G0138,near_duplicate,2,C:\Users\suppo\Downloads\New Music\Top1000_Motown\The Temptations Greatest Hits 🎶 Best Songs of the 60s & 70s ｜ Motown Soul Legends Full Album.mp3,The Temptations Greatest Hits 🎶 Best Songs of the 60s & 70s ｜ Motown Soul Legends Full Album.mp3,42,212.9,size=212.9MB; not temp file; margin=4000,high
G0139,near_duplicate,2,"C:\Users\suppo\Downloads\New Music\Top1000_Jazz\Jazz Classics 50s 60s 70s🎶Frank Sinatra, Louis Armstrong, Nat King Cole🎷Warm vintage jazz melodies.mp3","Jazz Classics 50s 60s 70s🎶Frank Sinatra, Louis Armstrong, Nat King Cole🎷Warm vintage jazz melodies.mp3",45,90.0,size=90.0MB; not temp file; margin=600,high
G0140,near_duplicate,2,"C:\Users\suppo\Downloads\New Music\Top1000_Motown\🎶 100 Greatest Motown Songs Ever ｜ Classic Soul Hits of the 60s, 70s & 80s ✨ Motown Playlist 2025.mp3","🎶 100 Greatest Motown Songs Ever ｜ Classic Soul Hits of the 60s, 70s & 80s ✨ Motown Playlist 2025.mp3",42,211.8,size=211.8MB; not temp file; margin=4000,high
G0141,near_duplicate,2,"C:\Users\suppo\Downloads\New Music\Top1000_Motown\Top 100 Motown Soul Classics 🎙️ Timeless R&B Oldies from the 70s, 80s & 90s ｜ Soul Legends Forever.mp3","Top 100 Motown Soul Classics 🎙️ Timeless R&B Oldies from the 70s, 80s & 90s ｜ Soul Legends Forever.mp3",39,184.4,size=184.4MB; not temp file; margin=4000,high
G0142,near_duplicate,2,"C:\Users\suppo\Downloads\New Music\Top1000_Motown\100 Greatest Motown Hits ｜ Oldies But Goodies from the 70s, 80s & 90s ｜ Soul & R&B Classics Playlist.mp3","100 Greatest Motown Hits ｜ Oldies But Goodies from the 70s, 80s & 90s ｜ Soul & R&B Classics Playlist.mp3",39,184.9,size=184.9MB; not temp file; margin=4000,high
G0143,near_duplicate,2,"C:\Users\suppo\Downloads\New Music\Top1000_Motown\Rick James Greatest Hits Full Album 🎸 Best of Rick James ｜ Give It To Me Baby, Super Freak & More.mp3","Rick James Greatest Hits Full Album 🎸 Best of Rick James ｜ Give It To Me Baby, Super Freak & More.mp3",42,235.0,size=235.0MB; not temp file; margin=4000,high
G0146,near_duplicate,2,C:\Users\suppo\Downloads\New Music\Top1000_HipHop\2Pac - Hit 'Em Up (Dirty) (Music Video) HD.mp3,2Pac - Hit 'Em Up (Dirty) (Music Video) HD.mp3,55,9.1,quality=55; size=9.1MB; not temp file; margin=0,low
G0150,near_duplicate,2,C:\Users\suppo\Downloads\New Music\Top1000_HipHop\CamRon - Hey Ma ft. Juelz Santana.mp3,CamRon - Hey Ma ft. Juelz Santana.mp3,65,8.2,quality=65; size=8.2MB; not temp file; margin=1,low
G0167,near_duplicate,2,C:\Users\suppo\Downloads\New Music\Top1000_Country\Eric Church - Over When Its Over.mp3,Eric Church - Over When Its Over.mp3,65,6.5,quality=65; size=6.5MB; not temp file; margin=501,high
G0169,near_duplicate,2,"C:\Users\suppo\Downloads\New Music\Top1000_Jazz\Frank Sinatra, Ray Charles, Nat King Cole 🎷The Ultimate Jazz Playlist 🎶 Jazz Classics 50s 60s 70s.mp3","Frank Sinatra, Ray Charles, Nat King Cole 🎷The Ultimate Jazz Playlist 🎶 Jazz Classics 50s 60s 70s.mp3",45,113.6,size=113.6MB; not temp file; margin=0,low
G0178,near_duplicate,2,C:\Users\suppo\Downloads\New Music\Top1000_Country\Kenny Chesney - Til Its Gone.mp3,Kenny Chesney - Til Its Gone.mp3,65,5.7,quality=65; size=5.7MB; not temp file; margin=996,high
G0180,near_duplicate,2,"C:\Users\suppo\Downloads\New Music\Top1000_Jazz\Legends of Jazz & Soul 🎷 Louis Armstrong, Nat King Cole, Frank Sinatra ｜ Timeless Classics.mp3","Legends of Jazz & Soul 🎷 Louis Armstrong, Nat King Cole, Frank Sinatra ｜ Timeless Classics.mp3",42,115.5,size=115.5MB; not temp file; margin=0,low
G0182,near_duplicate,2,C:\Users\suppo\Downloads\New Music\Top1000_Club\Martin Garrix - Now That Ive Found You.mp3,Martin Garrix - Now That Ive Found You.mp3,65,7.1,quality=65; size=7.1MB; not temp file; margin=0,low
G0184,near_duplicate,2,C:\Users\suppo\Downloads\New Music\Top1000_HipHop\Mobb Deep - Quiet Storm ft. Lil Kim ft. Lil Kim.mp3,Mobb Deep - Quiet Storm ft. Lil Kim ft. Lil Kim.mp3,65,8.5,quality=65; size=8.5MB; not temp file; margin=1500,high
G0188,near_duplicate,2,C:\Users\suppo\Downloads\New Music\Top1000_HipHop\Nas - It Aint Hard To Tell.mp3,Nas - It Aint Hard To Tell.mp3,65,6.2,quality=65; size=6.2MB; not temp file; margin=1000,high
G0198,near_duplicate,2,C:\Users\suppo\Downloads\New Music\Top1000_HipHop\Souls Of Mischief - 93 Til Infinity.mp3,Souls Of Mischief - 93 Til Infinity.mp3,65,6.3,quality=65; size=6.3MB; not temp file; margin=1000,high
G0201,near_duplicate,2,C:\Users\suppo\Downloads\New Music\Top1000_HipHop\The Pharcyde - Passin Me By.mp3,The Pharcyde - Passin Me By.mp3,65,9.2,quality=65; size=9.2MB; not temp file; margin=1000,high
G0214,near_duplicate,2,C:\Users\suppo\Downloads\New Music\Top1000_HipHop\Wu-Tang Clan - Da Mystery Of Chessboxin.mp3,Wu-Tang Clan - Da Mystery Of Chessboxin.mp3,65,9.1,quality=65; size=9.1MB; not temp file; margin=1000,high
