original_path,original_name,old_parse_method,old_artist,old_title,old_confidence,new_parse_method,new_artist,new_title,confidence,improvement
C:\Users\suppo\Downloads\New Music\Top1000_HipHop\60 seconds assassin Lyric on screen.mp3,60 seconds assassin Lyric on screen.mp3,fallback_heuristic,60 seconds,assassin Lyric on screen,0.3,fallback_heuristic,60 seconds,assassin Lyric on screen,0.3,no
C:\Users\suppo\Downloads\New Music\Top1000_HipHop\8 Ball and MJG- Space Age Pimpin.mp3,8 Ball and MJG- Space Age Pimpin.mp3,fallback_heuristic,8 Ball,and MJG- Space Age Pimpin,0.3,hyphen_separator,8 Ball and MJG,Space Age Pimpin,0.8,yes
C:\Users\suppo\Downloads\New Music\Top1000_HipHop\8ball & MJG Just Like Candy.mp3,8ball & MJG Just Like Candy.mp3,fallback_heuristic,8ball &,MJG Just Like Candy,0.3,fallback_heuristic,8ball &,MJG Just Like Candy,0.3,no
"C:\Users\suppo\Downloads\New Music\Top1000_HipHop\8BALL& MJG FRIEND OR FOE FT. E-40, MAC MALL,& BIG MIKE.mp3","8BALL& MJG FRIEND OR FOE FT. E-40, MAC MALL,& BIG MIKE.mp3",fallback_heuristic,8BALL& MJG,"FRIEND OR FOE FT. E-40, MAC MALL,& BIG MIKE",0.3,fallback_heuristic,8BALL& MJG,"FRIEND OR FOE FT. E-40, MAC MALL,& BIG MIKE",0.3,no
C:\Users\suppo\Downloads\New Music\Top1000_HipHop\A Roller Skating Jam Named ＂Saturdays＂.mp3,A Roller Skating Jam Named ＂Saturdays＂.mp3,fallback_heuristic,A Roller,Skating Jam Named,0.3,fallback_heuristic,A Roller,Skating Jam Named ＂Saturdays＂,0.3,no
C:\Users\suppo\Downloads\New Music\Top1000\Aaria- Thug Love ft. Dreamdoll.mp3,Aaria- Thug Love ft. Dreamdoll.mp3,fallback_heuristic,Aaria- Thug,Love ft. Dreamdoll,0.3,hyphen_separator,Aaria,Thug Love ft. Dreamdoll,0.8,yes
C:\Users\suppo\Downloads\New Music\Top1000_Hard Rock_Metal\ACDC- For Those About To Rock (with lyrics).mp3,ACDC- For Those About To Rock (with lyrics).mp3,fallback_heuristic,ACDC- For,Those About To Rock,0.3,hyphen_separator,ACDC,For Those About To Rock (with lyrics),0.8,yes
C:\Users\suppo\Downloads\New Music\Top1000_Disco\Aint No Stopping Us Now Mcfadden and Whitehead.mp3,Aint No Stopping Us Now Mcfadden and Whitehead.mp3,fallback_heuristic,Aint No,Stopping Us Now Mcfadden and Whitehead,0.3,fallback_heuristic,Aint No,Stopping Us Now Mcfadden and Whitehead,0.3,no
C:\Users\suppo\Downloads\New Music\Top1000_Country\Alan Jackson Anywhere On Earth You Are.mp3,Alan Jackson Anywhere On Earth You Are.mp3,fallback_heuristic,Alan Jackson,Anywhere On Earth You Are,0.3,known_artist_match,Alan Jackson,Anywhere On Earth You Are,0.7,yes
C:\Users\suppo\Downloads\New Music\Top1000_Country\Alan Jackson Knew All Along.mp3,Alan Jackson Knew All Along.mp3,fallback_heuristic,Alan Jackson,Knew All Along,0.3,known_artist_match,Alan Jackson,Knew All Along,0.7,yes
C:\Users\suppo\Downloads\New Music\Top1000_Country\Alan Jackson- Everything I Love.mp3,Alan Jackson- Everything I Love.mp3,fallback_heuristic,Alan Jackson-,Everything I Love,0.3,hyphen_separator,Alan Jackson,Everything I Love,0.8,yes
C:\Users\suppo\Downloads\New Music\Top1000_Blues\Albert Collins Ice Pick.mp3,Albert Collins Ice Pick.mp3,fallback_heuristic,Albert Collins,Ice Pick,0.3,known_artist_match,Albert Collins,Ice Pick,0.7,yes
C:\Users\suppo\Downloads\New Music\Top1000_HipHop\All Eyez On Me.mp3,All Eyez On Me.mp3,fallback_heuristic,All Eyez,On Me,0.3,fallback_heuristic,All Eyez,On Me,0.3,no
C:\Users\suppo\Downloads\New Music\Top1000_Country\All my Exs live in Texas- George Strait.mp3,All my Exs live in Texas- George Strait.mp3,fallback_heuristic,All my,Exs live in Texas- George Strait,0.3,hyphen_separator,All my Exs live in Texas,George Strait,0.8,yes
C:\Users\suppo\Downloads\New Music\Top1000_Southern Rock\American Girl performed by Tom Petty.mp3,American Girl performed by Tom Petty.mp3,fallback_heuristic,American Girl,performed by Tom Petty,0.3,by_separator,Tom Petty,American Girl performed,0.8,yes
C:\Users\suppo\Downloads\New Music\Top1000_Club\ANGERFIST MEGAMIX 2021 DJ IWO.mp3,ANGERFIST MEGAMIX 2021 DJ IWO.mp3,fallback_heuristic,ANGERFIST MEGAMIX,2021 DJ IWO,0.3,fallback_heuristic,ANGERFIST MEGAMIX,2021 DJ IWO,0.3,no
C:\Users\suppo\Downloads\New Music\Top1000_HipHop\Audio Two- Top Billin.mp3,Audio Two- Top Billin.mp3,fallback_heuristic,Audio Two-,Top Billin,0.3,hyphen_separator,Audio Two,Top Billin,0.8,yes
C:\Users\suppo\Downloads\New Music\Top1000_Club\Avicii Levels Skrillex Remix.mp3,Avicii Levels Skrillex Remix.mp3,fallback_heuristic,Avicii Levels,Skrillex Remix,0.3,known_artist_match,Avicii,Levels Skrillex Remix,0.7,yes
C:\Users\suppo\Downloads\New Music\Top1000_Blues\B.B. King- Everyday I have the Blues.mp3,B.B. King- Everyday I have the Blues.mp3,fallback_heuristic,B.B. King-,Everyday I have the Blues,0.3,hyphen_separator,B.B. King,Everyday I have the Blues,0.8,yes
C:\Users\suppo\Downloads\New Music\Top1000_Country\Back Where I Come From- Kenny Chesney.mp3,Back Where I Come From- Kenny Chesney.mp3,fallback_heuristic,Back Where,I Come From- Kenny Chesney,0.3,hyphen_separator,Back Where I Come From,Kenny Chesney,0.8,yes
C:\Users\suppo\Downloads\New Music\Top1000_Southern Rock\BAD TO THE BONE.mp3,BAD TO THE BONE.mp3,fallback_heuristic,BAD TO,THE BONE,0.3,fallback_heuristic,BAD TO,THE BONE,0.3,no
C:\Users\suppo\Downloads\New Music\Top1000_HipHop\Beastie Boys-Paul Revere with lyrics.mp3,Beastie Boys-Paul Revere with lyrics.mp3,fallback_heuristic,Beastie Boys-Paul,Revere with lyrics,0.3,fallback_heuristic,Beastie Boys-Paul,Revere with lyrics,0.3,no
"C:\Users\suppo\Downloads\New Music\Top1000_Classical\Beethoven Piano Concerto No. 5 in E-flat major, Op. 73 Adagio Un Poco Mosso.mp3","Beethoven Piano Concerto No. 5 in E-flat major, Op. 73 Adagio Un Poco Mosso.mp3",fallback_heuristic,Beethoven Piano,"Concerto No. 5 in E-flat major, Op. 73 Adagio Un Poco Mosso",0.3,known_artist_match,Beethoven,"Piano Concerto No. 5 in E-flat major, Op. 73 Adagio Un Poco Mosso",0.7,yes
"C:\Users\suppo\Downloads\New Music\Top1000_Classical\Best Version of Jesu, Joy Of Mans Desiring by Bach.mp3","Best Version of Jesu, Joy Of Mans Desiring by Bach.mp3",fallback_heuristic,Best Version,"of Jesu, Joy Of Mans Desiring by Bach",0.3,by_separator,Bach,"Best Version of Jesu, Joy Of Mans Desiring",0.8,yes
C:\Users\suppo\Downloads\New Music\Top1000\Bfb Da Packman- Honey Pack.mp3,Bfb Da Packman- Honey Pack.mp3,fallback_heuristic,Bfb Da,Packman- Honey Pack,0.3,hyphen_separator,Bfb Da Packman,Honey Pack,0.8,yes
C:\Users\suppo\Downloads\New Music\Top1000_Country\Big Star Kenny Chesney with lyrics.mp3,Big Star Kenny Chesney with lyrics.mp3,fallback_heuristic,Big Star,Kenny Chesney with lyrics,0.3,fallback_heuristic,Big Star,Kenny Chesney with lyrics,0.3,no
C:\Users\suppo\Downloads\New Music\Top1000_Hard Rock_Metal\Black Sabbath ~ War Pigs.mp3,Black Sabbath ~ War Pigs.mp3,fallback_heuristic,Black Sabbath,~ War Pigs,0.3,known_artist_match,Black Sabbath,~ War Pigs,0.7,yes
C:\Users\suppo\Downloads\New Music\Top1000_HipHop\Bone Thugs-N-Harmony ft 2pac thug luv lyrics.mp3,Bone Thugs-N-Harmony ft 2pac thug luv lyrics.mp3,fallback_heuristic,Bone Thugs-N-Harmony,ft. 2pac thug luv lyrics,0.3,known_artist_match,Bone Thugs-N-Harmony,ft 2pac thug luv lyrics,0.7,yes
C:\Users\suppo\Downloads\New Music\Top1000_HipHop\Boogie Down Productions- South Bronx.mp3,Boogie Down Productions- South Bronx.mp3,fallback_heuristic,Boogie Down,Productions- South Bronx,0.3,hyphen_separator,Boogie Down Productions,South Bronx,0.8,yes
C:\Users\suppo\Downloads\New Music\Top1000\Bop Menaxe- Til The Rain Gone.mp3,Bop Menaxe- Til The Rain Gone.mp3,fallback_heuristic,Bop Menaxe-,Til The Rain Gone,0.3,hyphen_separator,Bop Menaxe,Til The Rain Gone,0.8,yes
C:\Users\suppo\Downloads\New Music\Top1000\Bop Menaxe- War Cry.mp3,Bop Menaxe- War Cry.mp3,fallback_heuristic,Bop Menaxe-,War Cry,0.3,hyphen_separator,Bop Menaxe,War Cry,0.8,yes
C:\Users\suppo\Downloads\New Music\Top1000_Country\Brad Paisley-Mr Policeman with lyrics.mp3,Brad Paisley-Mr Policeman with lyrics.mp3,fallback_heuristic,Brad Paisley-Mr,Policeman with lyrics,0.3,fallback_heuristic,Brad Paisley-Mr,Policeman with lyrics,0.3,no
C:\Users\suppo\Downloads\New Music\Top1000_Country\Brad Paisleys Im Still A Guy.mp3,Brad Paisleys Im Still A Guy.mp3,fallback_heuristic,Brad Paisleys,Im Still A Guy,0.3,fallback_heuristic,Brad Paisleys,Im Still A Guy,0.3,no
C:\Users\suppo\Downloads\New Music\Top1000_Classical\Carol of the Bells aka The Ukranian Carol.mp3,Carol of the Bells aka The Ukranian Carol.mp3,fallback_heuristic,Carol of,the Bells aka The Ukranian Carol,0.3,fallback_heuristic,Carol of,the Bells aka The Ukranian Carol,0.3,no
C:\Users\suppo\Downloads\New Music\Top1000_Hard Rock_Metal\Caught In A Mosh.mp3,Caught In A Mosh.mp3,fallback_heuristic,Caught In,A Mosh,0.3,fallback_heuristic,Caught In,A Mosh,0.3,no
C:\Users\suppo\Downloads\New Music\Top1000_Blues\Charles Brown Black Night.mp3,Charles Brown Black Night.mp3,fallback_heuristic,Charles Brown,Black Night,0.3,fallback_heuristic,Charles Brown,Black Night,0.3,no
C:\Users\suppo\Downloads\New Music\Top1000\CHILL OUT COLOGNE ＂Time＂ official Video 4K.mp3,CHILL OUT COLOGNE ＂Time＂ official Video 4K.mp3,fallback_heuristic,CHILL OUT,COLOGNE official Video 4K,0.3,fallback_heuristic,CHILL OUT,COLOGNE ＂Time＂ official Video 4K,0.3,no
"C:\Users\suppo\Downloads\New Music\Top1000\Coke ＂All Hear＂ feat. L Haggood, Silence the 5th.mp3","Coke ＂All Hear＂ feat. L Haggood, Silence the 5th.mp3",fallback_heuristic,Coke feat.,"L Haggood, Silence the 5th",0.3,fallback_heuristic,Coke ＂All,"Hear＂ feat. L Haggood, Silence the 5th",0.3,no
C:\Users\suppo\Downloads\New Music\Top1000_Southern Rock\David Allan Coe texas lullaby.mp3,David Allan Coe texas lullaby.mp3,fallback_heuristic,David Allan,Coe texas lullaby,0.3,fallback_heuristic,David Allan,Coe texas lullaby,0.3,no
C:\Users\suppo\Downloads\New Music\Top1000_Hard Rock_Metal\Diary of a Madman.mp3,Diary of a Madman.mp3,fallback_heuristic,Diary of,a Madman,0.3,fallback_heuristic,Diary of,a Madman,0.3,no
C:\Users\suppo\Downloads\New Music\Top1000_Disco\Disco Tex And The Sex O Lettes Get Dancing.mp3,Disco Tex And The Sex O Lettes Get Dancing.mp3,fallback_heuristic,Disco Tex,And The Sex O Lettes Get Dancing,0.3,fallback_heuristic,Disco Tex,And The Sex O Lettes Get Dancing,0.3,no
C:\Users\suppo\Downloads\New Music\Top1000_Country\Don Williams ~ No Use Running ~.mp3,Don Williams ~ No Use Running ~.mp3,fallback_heuristic,Don Williams,~ No Use Running ~,0.3,known_artist_match,Don Williams,~ No Use Running ~,0.7,yes
C:\Users\suppo\Downloads\New Music\Top1000_Country\Don Williams ~ Shes With Me ~.mp3,Don Williams ~ Shes With Me ~.mp3,fallback_heuristic,Don Williams,~ Shes With Me ~,0.3,known_artist_match,Don Williams,~ Shes With Me ~,0.7,yes
C:\Users\suppo\Downloads\New Music\Top1000_Country\Don Williams ~~The First Fool In Line ~~.mp3,Don Williams ~~The First Fool In Line ~~.mp3,fallback_heuristic,Don Williams,~~The First Fool In Line ~~,0.3,known_artist_match,Don Williams,~~The First Fool In Line ~~,0.7,yes
C:\Users\suppo\Downloads\New Music\Top1000_HipHop\Doug E Fresh & Slick Rick-The Show.mp3,Doug E Fresh & Slick Rick-The Show.mp3,fallback_heuristic,Doug E,Fresh & Slick Rick-The Show,0.3,fallback_heuristic,Doug E,Fresh & Slick Rick-The Show,0.3,no
C:\Users\suppo\Downloads\New Music\Top1000_Country\Easton Corbin-A Lot to Learn About Livin.mp3,Easton Corbin-A Lot to Learn About Livin.mp3,fallback_heuristic,Easton Corbin-A,Lot to Learn About Livin,0.3,fallback_heuristic,Easton Corbin-A,Lot to Learn About Livin,0.3,no
C:\Users\suppo\Downloads\New Music\Top1000_Country\Easton Corbin-Dont ask me bout a woman.mp3,Easton Corbin-Dont ask me bout a woman.mp3,fallback_heuristic,Easton Corbin-Dont,ask me bout a woman,0.3,fallback_heuristic,Easton Corbin-Dont,ask me bout a woman,0.3,no
C:\Users\suppo\Downloads\New Music\Top1000_Country\Easton Corbin-Leavin A Lonely Town.mp3,Easton Corbin-Leavin A Lonely Town.mp3,fallback_heuristic,Easton Corbin-Leavin,A Lonely Town,0.3,fallback_heuristic,Easton Corbin-Leavin,A Lonely Town,0.3,no
C:\Users\suppo\Downloads\New Music\Top1000_Country\Easton Corbin-Someday when Im Old.mp3,Easton Corbin-Someday when Im Old.mp3,fallback_heuristic,Easton Corbin-Someday,when Im Old,0.3,fallback_heuristic,Easton Corbin-Someday,when Im Old,0.3,no
C:\Users\suppo\Downloads\New Music\Top1000_Country\Easton Corbin-The Way Love Looks.mp3,Easton Corbin-The Way Love Looks.mp3,fallback_heuristic,Easton Corbin-The,Way Love Looks,0.3,fallback_heuristic,Easton Corbin-The,Way Love Looks,0.3,no
"C:\Users\suppo\Downloads\New Music\Top1000_Classical\Edvard Grieg, In the Hall of the Mountain King from ＂Peer Gynt＂.mp3","Edvard Grieg, In the Hall of the Mountain King from ＂Peer Gynt＂.mp3",fallback_heuristic,"Edvard Grieg,",In the Hall of the Mountain King from,0.3,comma_separator,Edvard Grieg,In the Hall of the Mountain King from ＂Peer Gynt＂,0.8,yes
C:\Users\suppo\Downloads\New Music\Top1000_Blues\elvis presley blue suede shoes color.mp3,elvis presley blue suede shoes color.mp3,fallback_heuristic,elvis presley,blue suede shoes color,0.3,known_artist_match,elvis presley,blue suede shoes color,0.7,yes
C:\Users\suppo\Downloads\New Music\Top1000_Country\Engelbert Am I That Easy To Forget-2009.mp3,Engelbert Am I That Easy To Forget-2009.mp3,fallback_heuristic,Engelbert Am,I That Easy To Forget-2009,0.3,fallback_heuristic,Engelbert Am,I That Easy To Forget-2009,0.3,no
"C:\Users\suppo\Downloads\New Music\Top1000\Esperando QTD Remix -Villafañe ft @elblxnco111 , @izzy_bz.mp3","Esperando QTD Remix -Villafañe ft @elblxnco111 , @izzy_bz.mp3",fallback_heuristic,Esperando QTD,"Remix -Villafañe ft. @elblxnco111 , @izzy_bz",0.3,fallback_heuristic,Esperando QTD,"Remix -Villafañe ft @elblxnco111 , @izzy_bz",0.3,no
"C:\Users\suppo\Downloads\New Music\Top1000\Fehr Rivas, Aleks Syntek- INMORTAL.mp3","Fehr Rivas, Aleks Syntek- INMORTAL.mp3",fallback_heuristic,"Fehr Rivas,",Aleks Syntek- INMORTAL,0.3,hyphen_separator,"Fehr Rivas, Aleks Syntek",INMORTAL,0.8,yes
C:\Users\suppo\Downloads\New Music\Top1000_Country\Find Yourself by Brad Paisley.mp3,Find Yourself by Brad Paisley.mp3,fallback_heuristic,Find Yourself,by Brad Paisley,0.3,by_separator,Brad Paisley,Find Yourself,0.8,yes
C:\Users\suppo\Downloads\New Music\Top1000_Jazz\Fly Me To The Moon.mp3,Fly Me To The Moon.mp3,fallback_heuristic,Fly Me,To The Moon,0.3,fallback_heuristic,Fly Me,To The Moon,0.3,no
"C:\Users\suppo\Downloads\New Music\Top1000_Jazz\Frank Sinatra, Bing Crosby, Dean Martin, Nat King Cole 💿 Timeless Oldies & Nostalgic Scenes 50s 60s.mp3","Frank Sinatra, Bing Crosby, Dean Martin, Nat King Cole 💿 Timeless Oldies & Nostalgic Scenes 50s 60s.mp3",fallback_heuristic,"Frank Sinatra,","Bing Crosby, Dean Martin, Nat King Cole 💿 Timeless Oldies & Nostalgic Scenes 50s 60s",0.3,fallback_heuristic,"Frank Sinatra,","Bing Crosby, Dean Martin, Nat King Cole 💿 Timeless Oldies & Nostalgic Scenes 50s 60s",0.3,no
C:\Users\suppo\Downloads\New Music\Top1000_Classical\Franz Joseph Haydn - ＂Surprise＂.mp3,Franz Joseph Haydn - ＂Surprise＂.mp3,fallback_heuristic,Franz Joseph,Haydn -,0.3,hyphen_separator,Franz Joseph Haydn,＂Surprise＂,0.8,yes
C:\Users\suppo\Downloads\New Music\Top1000_Classical\Franz Liszt ~ Prelude to Transcendental Etudes.mp3,Franz Liszt ~ Prelude to Transcendental Etudes.mp3,fallback_heuristic,Franz Liszt,~ Prelude to Transcendental Etudes,0.3,known_artist_match,Franz Liszt,~ Prelude to Transcendental Etudes,0.7,yes
"C:\Users\suppo\Downloads\New Music\Top1000\Fridayy, Chris Brown - ＂Dont Give It Away＂.mp3","Fridayy, Chris Brown - ＂Dont Give It Away＂.mp3",fallback_heuristic,"Fridayy, Chris",Brown -,0.3,hyphen_separator,"Fridayy, Chris Brown",＂Dont Give It Away＂,0.8,yes
C:\Users\suppo\Downloads\New Music\Top1000_HipHop\Funky 4+1 Thats The Joint.mp3,Funky 4+1 Thats The Joint.mp3,fallback_heuristic,Funky 4+1,Thats The Joint,0.3,fallback_heuristic,Funky 4+1,Thats The Joint,0.3,no
C:\Users\suppo\Downloads\New Music\Top1000_Disco\Garys Gang-keep on dancin.mp3,Garys Gang-keep on dancin.mp3,fallback_heuristic,Garys Gang-keep,on dancin,0.3,fallback_heuristic,Garys Gang-keep,on dancin,0.3,no
C:\Users\suppo\Downloads\New Music\Top1000_Country\George Strait Thats My Kind Of Woman.mp3,George Strait Thats My Kind Of Woman.mp3,fallback_heuristic,George Strait,Thats My Kind Of Woman,0.3,known_artist_match,George Strait,Thats My Kind Of Woman,0.7,yes
C:\Users\suppo\Downloads\New Music\Top1000_Country\George strait-The Best day.mp3,George strait-The Best day.mp3,fallback_heuristic,George strait-The,Best day,0.3,fallback_heuristic,George strait-The,Best day,0.3,no
"C:\Users\suppo\Downloads\New Music\Top1000_Jazz\Golden Age Jazz Hits 🎶 Nat King Cole, Frank Sinatra, Louis Armstrong, Dean Martin & Ella Fitzgerald.mp3","Golden Age Jazz Hits 🎶 Nat King Cole, Frank Sinatra, Louis Armstrong, Dean Martin & Ella Fitzgerald.mp3",fallback_heuristic,Golden Age,"Jazz Hits 🎶 Nat King Cole, Frank Sinatra, Louis Armstrong, Dean Martin & Ella Fitzgerald",0.3,known_artist_end_match,Ella Fitzgerald,"Golden Age Jazz Hits 🎶 Nat King Cole, Frank Sinatra, Louis Armstrong, Dean Martin &",0.6,yes
C:\Users\suppo\Downloads\New Music\Top1000_Disco\gonzalez -Havent Stopped Dancing Yet original video 1979.mp3,gonzalez -Havent Stopped Dancing Yet original video 1979.mp3,fallback_heuristic,gonzalez -Havent,Stopped Dancing Yet original video 1979,0.3,fallback_heuristic,gonzalez -Havent,Stopped Dancing Yet original video 1979,0.3,no
C:\Users\suppo\Downloads\New Music\Top1000_Southern Rock\Green Grass and High Tides.mp3,Green Grass and High Tides.mp3,fallback_heuristic,Green Grass,and High Tides,0.3,fallback_heuristic,Green Grass,and High Tides,0.3,no
C:\Users\suppo\Downloads\New Music\Top1000_Southern Rock\GREG ALLMAN MIDNIGHT RIDER.mp3,GREG ALLMAN MIDNIGHT RIDER.mp3,fallback_heuristic,GREG ALLMAN,MIDNIGHT RIDER,0.3,fallback_heuristic,GREG ALLMAN,MIDNIGHT RIDER,0.3,no
C:\Users\suppo\Downloads\New Music\Top1000_Southern Rock\Gregg Allman- I'm No Angel.mp3,Gregg Allman- I'm No Angel.mp3,fallback_heuristic,Gregg Allman-,I'm No Angel,0.3,hyphen_separator,Gregg Allman,I'm No Angel,0.8,yes
C:\Users\suppo\Downloads\New Music\Top1000_Southern Rock\Hank Williams Jr.-Cajun Baby.mp3,Hank Williams Jr.-Cajun Baby.mp3,fallback_heuristic,Hank Williams,Jr.-Cajun Baby,0.3,fallback_heuristic,Hank Williams,Jr.-Cajun Baby,0.3,no
C:\Users\suppo\Downloads\New Music\Top1000_HipHop\Harder Than You Think.mp3,Harder Than You Think.mp3,fallback_heuristic,Harder Than,You Think,0.3,fallback_heuristic,Harder Than,You Think,0.3,no
C:\Users\suppo\Downloads\New Music\Top1000_Southern Rock\Heart of Texas ~ Billy Joe Shaver with Waylon Jennings.mp3,Heart of Texas ~ Billy Joe Shaver with Waylon Jennings.mp3,fallback_heuristic,Heart of,Texas ~ Billy Joe Shaver with Waylon Jennings,0.3,known_artist_end_match,Waylon Jennings,Heart of Texas ~ Billy Joe Shaver with,0.6,yes
C:\Users\suppo\Downloads\New Music\Top1000_HipHop\Heart Of The City.mp3,Heart Of The City.mp3,fallback_heuristic,Heart Of,The City,0.3,fallback_heuristic,Heart Of,The City,0.3,no
C:\Users\suppo\Downloads\New Music\Top1000_Blues\Hideaway by John Mayall bluesbreakers & Eric Clapton.mp3,Hideaway by John Mayall bluesbreakers & Eric Clapton.mp3,fallback_heuristic,Hideaway by,John Mayall bluesbreakers & Eric Clapton,0.3,by_separator,John Mayall bluesbreakers & Eric Clapton,Hideaway,0.8,yes
C:\Users\suppo\Downloads\New Music\Top1000_Country\Highway 20 ride lyrics.mp3,Highway 20 ride lyrics.mp3,fallback_heuristic,Highway 20,ride lyrics,0.3,fallback_heuristic,Highway 20,ride lyrics,0.3,no
C:\Users\suppo\Downloads\New Music\Top1000_Blues\Howlin Wolf- Killing Floor.mp3,Howlin Wolf- Killing Floor.mp3,fallback_heuristic,Howlin Wolf-,Killing Floor,0.3,hyphen_separator,Howlin Wolf,Killing Floor,0.8,yes
C:\Users\suppo\Downloads\New Music\Top1000_Country\I Can Still Make Cheyenne with Lyrics.mp3,I Can Still Make Cheyenne with Lyrics.mp3,fallback_heuristic,I Can,Still Make Cheyenne with Lyrics,0.3,fallback_heuristic,I Can,Still Make Cheyenne with Lyrics,0.3,no
C:\Users\suppo\Downloads\New Music\Top1000_HipHop\I Cant Live Without My Radio.mp3,I Cant Live Without My Radio.mp3,fallback_heuristic,I Cant,Live Without My Radio,0.3,fallback_heuristic,I Cant,Live Without My Radio,0.3,no
C:\Users\suppo\Downloads\New Music\Top1000_Country\I Loved Her First Lyrics.mp3,I Loved Her First Lyrics.mp3,fallback_heuristic,I Loved,Her First Lyrics,0.3,fallback_heuristic,I Loved,Her First Lyrics,0.3,no
C:\Users\suppo\Downloads\New Music\Top1000_HipHop\Ice-T- 6 N The Mornin.mp3,Ice-T- 6 N The Mornin.mp3,fallback_heuristic,Ice-T- 6,N The Mornin,0.3,fallback_heuristic,Ice-T- 6,N The Mornin,0.3,no
C:\Users\suppo\Downloads\New Music\Top1000_HipHop\Ice-T- Im Your Pusher.mp3,Ice-T- Im Your Pusher.mp3,fallback_heuristic,Ice-T- Im,Your Pusher,0.3,fallback_heuristic,Ice-T- Im,Your Pusher,0.3,no
C:\Users\suppo\Downloads\New Music\Top1000_Hard Rock_Metal\Iced Earth- coming curse.mp3,Iced Earth- coming curse.mp3,fallback_heuristic,Iced Earth-,coming curse,0.3,hyphen_separator,Iced Earth,coming curse,0.8,yes
C:\Users\suppo\Downloads\New Music\Top1000_Hard Rock_Metal\Iced Earth-A Question of Heaven.mp3,Iced Earth-A Question of Heaven.mp3,fallback_heuristic,Iced Earth-A,Question of Heaven,0.3,fallback_heuristic,Iced Earth-A,Question of Heaven,0.3,no
C:\Users\suppo\Downloads\New Music\Top1000_Hard Rock_Metal\Iced Earth-Birth Of The Wicked.mp3,Iced Earth-Birth Of The Wicked.mp3,fallback_heuristic,Iced Earth-Birth,Of The Wicked,0.3,fallback_heuristic,Iced Earth-Birth,Of The Wicked,0.3,no
C:\Users\suppo\Downloads\New Music\Top1000_Club\IEM Oakland 2016 Aftermovie.mp3,IEM Oakland 2016 Aftermovie.mp3,fallback_heuristic,IEM Oakland,2016 Aftermovie,0.3,fallback_heuristic,IEM Oakland,2016 Aftermovie,0.3,no
"C:\Users\suppo\Downloads\New Music\Top1000_Opera\Intermezzo from Cavalleria Rusticana, Pietro Mascagni.mp3","Intermezzo from Cavalleria Rusticana, Pietro Mascagni.mp3",fallback_heuristic,Intermezzo from,"Cavalleria Rusticana, Pietro Mascagni",0.3,fallback_heuristic,Intermezzo from,"Cavalleria Rusticana, Pietro Mascagni",0.3,no
C:\Users\suppo\Downloads\New Music\Top1000_HipHop\Introduction to Business Chapter 1.mp3,Introduction to Business Chapter 1.mp3,fallback_heuristic,Introduction to,Business Chapter 1,0.3,fallback_heuristic,Introduction to,Business Chapter 1,0.3,no
C:\Users\suppo\Downloads\New Music\Top1000_HipHop\It Feels so Good.mp3,It Feels so Good.mp3,fallback_heuristic,It Feels,so Good,0.3,fallback_heuristic,It Feels,so Good,0.3,no
C:\Users\suppo\Downloads\New Music\Top1000_Classical\Jean Joseph MOURET 1682-1738 Rondeau.mp3,Jean Joseph MOURET 1682-1738 Rondeau.mp3,fallback_heuristic,Jean Joseph,MOURET 1682-1738 Rondeau,0.3,fallback_heuristic,Jean Joseph,MOURET 1682-1738 Rondeau,0.3,no
"C:\Users\suppo\Downloads\New Music\Top1000\Jesús Alonso, La Fe de Vivir, canción de superación, para fluir con la vida. #musicaconsciente #fe.mp3","Jesús Alonso, La Fe de Vivir, canción de superación, para fluir con la vida. #musicaconsciente #fe.mp3",fallback_heuristic,"Jesús Alonso,","La Fe de Vivir, canción de superación, para fluir con la vida. #musicaconsciente #fe",0.3,comma_separator,Jesús Alonso,"La Fe de Vivir, canción de superación, para fluir con la vida. #musicaconsciente #fe",0.8,yes
C:\Users\suppo\Downloads\New Music\Top1000_Classical\Johann Sebastian Bach-Air on G String.mp3,Johann Sebastian Bach-Air on G String.mp3,fallback_heuristic,Johann Sebastian,Bach-Air on G String,0.3,fallback_heuristic,Johann Sebastian,Bach-Air on G String,0.3,no
C:\Users\suppo\Downloads\New Music\Top1000_Blues\Johnny ＂Clyde＂ Copeland- Rock Me Baby- Part 1.mp3,Johnny ＂Clyde＂ Copeland- Rock Me Baby- Part 1.mp3,fallback_heuristic,Johnny Copeland-,Rock Me Baby- Part 1,0.3,hyphen_separator,Johnny ＂Clyde＂ Copeland,Rock Me Baby- Part 1,0.8,yes
C:\Users\suppo\Downloads\New Music\Top1000_Country\Jolene Zac brown band.mp3,Jolene Zac brown band.mp3,fallback_heuristic,Jolene Zac,brown band,0.3,known_artist_end_match,Zac brown band,Jolene,0.6,yes
"C:\Users\suppo\Downloads\New Music\Top1000_Country\Josh Turner, Silver Wings.mp3","Josh Turner, Silver Wings.mp3",fallback_heuristic,"Josh Turner,",Silver Wings,0.3,comma_separator,Josh Turner,Silver Wings,0.8,yes
C:\Users\suppo\Downloads\New Music\Top1000_Hard Rock_Metal\Judas Priest- Freewheel Burning with lyrics.mp3,Judas Priest- Freewheel Burning with lyrics.mp3,fallback_heuristic,Judas Priest-,Freewheel Burning with lyrics,0.3,hyphen_separator,Judas Priest,Freewheel Burning with lyrics,0.8,yes
C:\Users\suppo\Downloads\New Music\Top1000_Hard Rock_Metal\Judas Priest- The Sentinel with lyrics.mp3,Judas Priest- The Sentinel with lyrics.mp3,fallback_heuristic,Judas Priest-,The Sentinel with lyrics,0.3,hyphen_separator,Judas Priest,The Sentinel with lyrics,0.8,yes
C:\Users\suppo\Downloads\New Music\Top1000_Blues\Junior Wells Hoodoman Blues.mp3,Junior Wells Hoodoman Blues.mp3,fallback_heuristic,Junior Wells,Hoodoman Blues,0.3,known_artist_match,Junior Wells,Hoodoman Blues,0.7,yes
C:\Users\suppo\Downloads\New Music\Top1000_Country\Just to See You Smile Lyrics By Tim McGraw.mp3,Just to See You Smile Lyrics By Tim McGraw.mp3,fallback_heuristic,Just to,See You Smile Lyrics By Tim McGraw,0.3,by_separator,Tim McGraw,Just to See You Smile Lyrics,0.8,yes
C:\Users\suppo\Downloads\New Music\Top1000\Katy Perry Last Friday Night Lyrics.mp3,Katy Perry Last Friday Night Lyrics.mp3,fallback_heuristic,Katy Perry,Last Friday Night Lyrics,0.3,known_artist_match,Katy Perry,Last Friday Night Lyrics,0.7,yes
C:\Users\suppo\Downloads\New Music\Top1000_HipHop\Keith Murray-Most Beautifullest Thing In This World.mp3,Keith Murray-Most Beautifullest Thing In This World.mp3,fallback_heuristic,Keith Murray-Most,Beautifullest Thing In This World,0.3,fallback_heuristic,Keith Murray-Most,Beautifullest Thing In This World,0.3,no
C:\Users\suppo\Downloads\New Music\Top1000_Country\Keith Whitley I Get The Picture.mp3,Keith Whitley I Get The Picture.mp3,fallback_heuristic,Keith Whitley,I Get The Picture,0.3,fallback_heuristic,Keith Whitley,I Get The Picture,0.3,no
C:\Users\suppo\Downloads\New Music\Top1000_Country\Kenny Chesney The Life.mp3,Kenny Chesney The Life.mp3,fallback_heuristic,Kenny Chesney,The Life,0.3,known_artist_match,Kenny Chesney,The Life,0.7,yes
C:\Users\suppo\Downloads\New Music\Top1000_Country\Kenny Chesney ~ A Lot Of Things Different.mp3,Kenny Chesney ~ A Lot Of Things Different.mp3,fallback_heuristic,Kenny Chesney,~ A Lot Of Things Different,0.3,known_artist_match,Kenny Chesney,~ A Lot Of Things Different,0.7,yes
C:\Users\suppo\Downloads\New Music\Top1000_Country\Kenny Chesney- Better As A Memory.mp3,Kenny Chesney- Better As A Memory.mp3,fallback_heuristic,Kenny Chesney-,Better As A Memory,0.3,hyphen_separator,Kenny Chesney,Better As A Memory,0.8,yes
"C:\Users\suppo\Downloads\New Music\Top1000_Country\Kenny Chesney- Nowhere To Go, Nowere To Be.mp3","Kenny Chesney- Nowhere To Go, Nowere To Be.mp3",fallback_heuristic,Kenny Chesney-,"Nowhere To Go, Nowere To Be",0.3,hyphen_separator,Kenny Chesney,"Nowhere To Go, Nowere To Be",0.8,yes
"C:\Users\suppo\Downloads\New Music\Top1000_Opera\La Traviata ＂Addio, del passato＂ by Anna Netrebko. Russian subtitles.mp3","La Traviata ＂Addio, del passato＂ by Anna Netrebko. Russian subtitles.mp3",fallback_heuristic,La Traviata,by Anna Netrebko. Russian subtitles,0.3,by_separator,Anna Netrebko. Russian subtitles,"La Traviata ＂Addio, del passato＂",0.8,yes
"C:\Users\suppo\Downloads\New Music\Top1000_Jazz\Legends of Jazz & Soul 🎷 Frank Sinatra, Louis Armstrong, Nat King Cole🎷 🎶 Jazz Classics 50s 60s 70s.mp3","Legends of Jazz & Soul 🎷 Frank Sinatra, Louis Armstrong, Nat King Cole🎷 🎶 Jazz Classics 50s 60s 70s.mp3",fallback_heuristic,Legends of,"Jazz & Soul 🎷 Frank Sinatra, Louis Armstrong, Nat King Cole🎷 🎶 Jazz Classics 50s 60s 70s",0.3,fallback_heuristic,Legends of,"Jazz & Soul 🎷 Frank Sinatra, Louis Armstrong, Nat King Cole🎷 🎶 Jazz Classics 50s 60s 70s",0.3,no
C:\Users\suppo\Downloads\New Music\Top1000_Country\Let it Go-Zac Brown Band.mp3,Let it Go-Zac Brown Band.mp3,fallback_heuristic,Let it,Go-Zac Brown Band,0.3,fallback_heuristic,Let it,Go-Zac Brown Band,0.3,no
C:\Users\suppo\Downloads\New Music\Top1000_HipHop\LET＂S GO-feat. twista lil jon and Trick Daddy.mp3,LET＂S GO-feat. twista lil jon and Trick Daddy.mp3,fallback_heuristic,LETS GO-feat.,twista lil jon and Trick Daddy,0.3,known_artist_end_match,Trick Daddy,LET＂S GO-feat. twista lil jon and,0.6,yes
C:\Users\suppo\Downloads\New Music\Top1000\Lil Sammy Ft Tashon Whole Lotta Money.mp3,Lil Sammy Ft Tashon Whole Lotta Money.mp3,fallback_heuristic,Lil Sammy,ft. Tashon Whole Lotta Money,0.3,fallback_heuristic,Lil Sammy,Ft Tashon Whole Lotta Money,0.3,no
C:\Users\suppo\Downloads\New Music\Top1000_Blues\Little Walter-Youd Better Watch Yourself.mp3,Little Walter-Youd Better Watch Yourself.mp3,fallback_heuristic,Little Walter-Youd,Better Watch Yourself,0.3,fallback_heuristic,Little Walter-Youd,Better Watch Yourself,0.3,no
C:\Users\suppo\Downloads\New Music\Top1000_Blues\Little Willie John -You Hurt Me.mp3,Little Willie John -You Hurt Me.mp3,fallback_heuristic,Little Willie,John -You Hurt Me,0.3,known_artist_match,Little Willie John,-You Hurt Me,0.7,yes
C:\Users\suppo\Downloads\New Music\Top1000_HipHop\LL Cool J-Rock The Bells.mp3,LL Cool J-Rock The Bells.mp3,fallback_heuristic,LL Cool,J-Rock The Bells,0.3,fallback_heuristic,LL Cool,J-Rock The Bells,0.3,no
"C:\Users\suppo\Downloads\New Music\Top1000_Jazz\Louis Armstrong, Nat King Cole, Frank Sinatra 🎷 Timeless Vintage Jazz Hits.mp3","Louis Armstrong, Nat King Cole, Frank Sinatra 🎷 Timeless Vintage Jazz Hits.mp3",fallback_heuristic,"Louis Armstrong,","Nat King Cole, Frank Sinatra 🎷 Timeless Vintage Jazz Hits",0.3,fallback_heuristic,"Louis Armstrong,","Nat King Cole, Frank Sinatra 🎷 Timeless Vintage Jazz Hits",0.3,no
C:\Users\suppo\Downloads\New Music\Top1000_Country\Love Her Like Shes Leaving by Brad Paisley.mp3,Love Her Like Shes Leaving by Brad Paisley.mp3,fallback_heuristic,Love Her,Like Shes Leaving by Brad Paisley,0.3,by_separator,Brad Paisley,Love Her Like Shes Leaving,0.8,yes
C:\Users\suppo\Downloads\New Music\Top1000\Lucenzo And Don Omar Danza Kuduro.mp3,Lucenzo And Don Omar Danza Kuduro.mp3,fallback_heuristic,Lucenzo And,Don Omar Danza Kuduro,0.3,fallback_heuristic,Lucenzo And,Don Omar Danza Kuduro,0.3,no
C:\Users\suppo\Downloads\New Music\Top1000_HipHop\Luchini AKA This Is It.mp3,Luchini AKA This Is It.mp3,fallback_heuristic,Luchini AKA,This Is It,0.3,fallback_heuristic,Luchini AKA,This Is It,0.3,no
C:\Users\suppo\Downloads\New Music\Top1000_Southern Rock\Lynyrd Skynyrd-All i can do is write about it.mp3,Lynyrd Skynyrd-All i can do is write about it.mp3,fallback_heuristic,Lynyrd Skynyrd-All,i can do is write about it,0.3,fallback_heuristic,Lynyrd Skynyrd-All,i can do is write about it,0.3,no
C:\Users\suppo\Downloads\New Music\Top1000_Club\M83 Midnight City Official video.mp3,M83 Midnight City Official video.mp3,fallback_heuristic,M83 Midnight,City Official video,0.3,fallback_heuristic,M83 Midnight,City Official video,0.3,no
C:\Users\suppo\Downloads\New Music\Top1000_Disco\MacArthur Park Donna Summer.mp3,MacArthur Park Donna Summer.mp3,fallback_heuristic,MacArthur Park,Donna Summer,0.3,known_artist_end_match,Donna Summer,MacArthur Park,0.6,yes
C:\Users\suppo\Downloads\New Music\Top1000_Country\Makin Plans by Miranda Lambert.mp3,Makin Plans by Miranda Lambert.mp3,fallback_heuristic,Makin Plans,by Miranda Lambert,0.3,by_separator,Miranda Lambert,Makin Plans,0.8,yes
C:\Users\suppo\Downloads\New Music\Top1000_Country\Martin- Zac Brown Band Lyrics!.mp3,Martin- Zac Brown Band Lyrics!.mp3,fallback_heuristic,Martin- Zac,Brown Band Lyrics!,0.3,hyphen_separator,Martin,Zac Brown Band Lyrics!,0.8,yes
C:\Users\suppo\Downloads\New Music\Top1000_HipHop\MASTER P SONG ＂MISS MY HOMIES＂ IS A REAL TIMELESS CLASSIC.mp3,MASTER P SONG ＂MISS MY HOMIES＂ IS A REAL TIMELESS CLASSIC.mp3,fallback_heuristic,MASTER P,SONG IS A REAL TIMELESS CLASSIC,0.3,known_artist_match,MASTER P,SONG ＂MISS MY HOMIES＂ IS A REAL TIMELESS CLASSIC,0.7,yes
C:\Users\suppo\Downloads\New Music\Top1000_Country\Me And Your Cigarettes.mp3,Me And Your Cigarettes.mp3,fallback_heuristic,Me And,Your Cigarettes,0.3,fallback_heuristic,Me And,Your Cigarettes,0.3,no
C:\Users\suppo\Downloads\New Music\Top1000_HipHop\MF Doom-Rhymes Like Dimes.mp3,MF Doom-Rhymes Like Dimes.mp3,fallback_heuristic,MF Doom-Rhymes,Like Dimes,0.3,fallback_heuristic,MF Doom-Rhymes,Like Dimes,0.3,no
C:\Users\suppo\Downloads\New Music\Top1000_Southern Rock\Midnight Rider ~ Willie Nelson.mp3,Midnight Rider ~ Willie Nelson.mp3,fallback_heuristic,Midnight Rider,~ Willie Nelson,0.3,fallback_heuristic,Midnight Rider,~ Willie Nelson,0.3,no
"C:\Users\suppo\Downloads\New Music\Top1000_Blues\Mike Bloomfield, Al Kooper & Johnny Winter Its My Own Fault.mp3","Mike Bloomfield, Al Kooper & Johnny Winter Its My Own Fault.mp3",fallback_heuristic,"Mike Bloomfield,",Al Kooper & Johnny Winter Its My Own Fault,0.3,fallback_heuristic,"Mike Bloomfield,",Al Kooper & Johnny Winter Its My Own Fault,0.3,no
C:\Users\suppo\Downloads\New Music\Top1000_Country\Miranda Lambert- Another Heartache.mp3,Miranda Lambert- Another Heartache.mp3,fallback_heuristic,Miranda Lambert-,Another Heartache,0.3,hyphen_separator,Miranda Lambert,Another Heartache,0.8,yes
C:\Users\suppo\Downloads\New Music\Top1000_Country\Miranda Lambert- Mama Im Alright.mp3,Miranda Lambert- Mama Im Alright.mp3,fallback_heuristic,Miranda Lambert-,Mama Im Alright,0.3,hyphen_separator,Miranda Lambert,Mama Im Alright,0.8,yes
C:\Users\suppo\Downloads\New Music\Top1000_Country\Miranda Lambert-Something That I Like About A Honky Tonk.mp3,Miranda Lambert-Something That I Like About A Honky Tonk.mp3,fallback_heuristic,Miranda Lambert-Something,That I Like About A Honky Tonk,0.3,fallback_heuristic,Miranda Lambert-Something,That I Like About A Honky Tonk,0.3,no
C:\Users\suppo\Downloads\New Music\Top1000_Country\Missing Me Some You by Toby Keith.mp3,Missing Me Some You by Toby Keith.mp3,fallback_heuristic,Missing Me,Some You by Toby Keith,0.3,by_separator,Toby Keith,Missing Me Some You,0.8,yes
C:\Users\suppo\Downloads\New Music\Top1000_Country\MOCKINGBIRD -Toby Keith and his daughter Krystal.mp3,MOCKINGBIRD -Toby Keith and his daughter Krystal.mp3,fallback_heuristic,MOCKINGBIRD -Toby,Keith and his daughter Krystal,0.3,fallback_heuristic,MOCKINGBIRD -Toby,Keith and his daughter Krystal,0.3,no
C:\Users\suppo\Downloads\New Music\Top1000_Southern Rock\MOLLY HATCHET-CHARLIE DANIELS Free Bird (Lynyrd Skynyrd cover).mp3,MOLLY HATCHET-CHARLIE DANIELS Free Bird (Lynyrd Skynyrd cover).mp3,fallback_heuristic,MOLLY HATCHET-CHARLIE,DANIELS Free Bird,0.3,fallback_heuristic,MOLLY HATCHET-CHARLIE,DANIELS Free Bird (Lynyrd Skynyrd cover),0.3,no
C:\Users\suppo\Downloads\New Music\Top1000_Country\More Trucks Than Cars-Craig Morgan.mp3,More Trucks Than Cars-Craig Morgan.mp3,fallback_heuristic,More Trucks,Than Cars-Craig Morgan,0.3,fallback_heuristic,More Trucks,Than Cars-Craig Morgan,0.3,no
"C:\Users\suppo\Downloads\New Music\Top1000_Classical\Mozart, Ah! vous dirai je maman Twinkle Twinkle, Little Star KV 265.mp3","Mozart, Ah! vous dirai je maman Twinkle Twinkle, Little Star KV 265.mp3",fallback_heuristic,"Mozart, Ah!","vous dirai je maman Twinkle Twinkle, Little Star KV 265",0.3,comma_separator,Mozart,"Ah! vous dirai je maman Twinkle Twinkle, Little Star KV 265",0.8,yes
C:\Users\suppo\Downloads\New Music\Top1000_Blues\muddy waters all aboard.mp3,muddy waters all aboard.mp3,fallback_heuristic,muddy waters,all aboard,0.3,known_artist_match,muddy waters,all aboard,0.7,yes
C:\Users\suppo\Downloads\New Music\Top1000_Blues\Muddy Waters ~ My Home Is In The Delta.mp3,Muddy Waters ~ My Home Is In The Delta.mp3,fallback_heuristic,Muddy Waters,~ My Home Is In The Delta,0.3,known_artist_match,Muddy Waters,~ My Home Is In The Delta,0.7,yes
C:\Users\suppo\Downloads\New Music\Top1000_Country\My Best Friend~Tim McGraw Lyrics.mp3,My Best Friend~Tim McGraw Lyrics.mp3,fallback_heuristic,My Best,Friend~Tim McGraw Lyrics,0.3,fallback_heuristic,My Best,Friend~Tim McGraw Lyrics,0.3,no
"C:\Users\suppo\Downloads\New Music\Top1000_Southern Rock\Neil Young- My My, Hey Hey (Out Of The Blue).mp3","Neil Young- My My, Hey Hey (Out Of The Blue).mp3",fallback_heuristic,Neil Young-,"My My, Hey Hey",0.3,hyphen_separator,Neil Young,"My My, Hey Hey (Out Of The Blue)",0.8,yes
C:\Users\suppo\Downloads\New Music\Top1000_Country\Neon Blue ~ The Mavericks.mp3,Neon Blue ~ The Mavericks.mp3,fallback_heuristic,Neon Blue,~ The Mavericks,0.3,known_artist_end_match,The Mavericks,Neon Blue ~,0.6,yes
"C:\Users\suppo\Downloads\New Music\Top1000_Country\Nights I Cant Remember, Friends Ill Never Forget by Toby Keith.mp3","Nights I Cant Remember, Friends Ill Never Forget by Toby Keith.mp3",fallback_heuristic,Nights I,"Cant Remember, Friends Ill Never Forget by Toby Keith",0.3,by_separator,Toby Keith,"Nights I Cant Remember, Friends Ill Never Forget",0.8,yes
C:\Users\suppo\Downloads\New Music\Top1000_Southern Rock\Outlaws Ghost Riders In The Sky.mp3,Outlaws Ghost Riders In The Sky.mp3,fallback_heuristic,Outlaws Ghost,Riders In The Sky,0.3,fallback_heuristic,Outlaws Ghost,Riders In The Sky,0.3,no
C:\Users\suppo\Downloads\New Music\Top1000_HipHop\Public Enemy- WELCOME TO THE TERRORDOME.mp3,Public Enemy- WELCOME TO THE TERRORDOME.mp3,fallback_heuristic,Public Enemy-,WELCOME TO THE TERRORDOME,0.3,hyphen_separator,Public Enemy,WELCOME TO THE TERRORDOME,0.8,yes
C:\Users\suppo\Downloads\New Music\Top1000_Hard Rock_Metal\RAINBOW   Kill The King HQ   Original Studio version.mp3,RAINBOW   Kill The King HQ   Original Studio version.mp3,fallback_heuristic,RAINBOW Kill,The King HQ Original Studio version,0.3,known_artist_match,RAINBOW,Kill The King HQ   Original Studio version,0.7,yes
C:\Users\suppo\Downloads\New Music\Top1000_HipHop\Real Niggaz Dont Die.mp3,Real Niggaz Dont Die.mp3,fallback_heuristic,Real Niggaz,Dont Die,0.3,fallback_heuristic,Real Niggaz,Dont Die,0.3,no
"C:\Users\suppo\Downloads\New Music\Top1000_Jazz\Retro Jazz and Soul Hits 🎺Frank Sinatran, Norah Jones, Louis Armstrong, Ray Charles, Nat King Cole.mp3","Retro Jazz and Soul Hits 🎺Frank Sinatran, Norah Jones, Louis Armstrong, Ray Charles, Nat King Cole.mp3",fallback_heuristic,Retro Jazz,"and Soul Hits 🎺Frank Sinatran, Norah Jones, Louis Armstrong, Ray Charles, Nat King Cole",0.3,fallback_heuristic,Retro Jazz,"and Soul Hits 🎺Frank Sinatran, Norah Jones, Louis Armstrong, Ray Charles, Nat King Cole",0.3,no
C:\Users\suppo\Downloads\New Music\Top1000_Blues\Riding with the King.mp3,Riding with the King.mp3,fallback_heuristic,Riding with,the King,0.3,fallback_heuristic,Riding with,the King,0.3,no
C:\Users\suppo\Downloads\New Music\Top1000_Southern Rock\Rock N' Roll Channel.mp3,Rock N' Roll Channel.mp3,fallback_heuristic,Rock N',Roll Channel,0.3,fallback_heuristic,Rock N',Roll Channel,0.3,no
"C:\Users\suppo\Downloads\New Music\Top1000_HipHop\Schoolly D- PSK, What Does It Mean？.mp3","Schoolly D- PSK, What Does It Mean？.mp3",fallback_heuristic,Schoolly D-,"PSK, What Does It Mean？",0.3,hyphen_separator,Schoolly D,"PSK, What Does It Mean？",0.8,yes
C:\Users\suppo\Downloads\New Music\Top1000_Country\Scotty McCreery- I Cross My Heart Lyrics.mp3,Scotty McCreery- I Cross My Heart Lyrics.mp3,fallback_heuristic,Scotty McCreery-,I Cross My Heart Lyrics,0.3,hyphen_separator,Scotty McCreery,I Cross My Heart Lyrics,0.8,yes
C:\Users\suppo\Downloads\New Music\Top1000_HipHop\Shut The F＊＊k Up! ~ MC Lyte.mp3,Shut The F＊＊k Up! ~ MC Lyte.mp3,fallback_heuristic,Shut The,F＊＊k Up! ~ MC Lyte,0.3,known_artist_end_match,MC Lyte,Shut The F＊＊k Up! ~,0.6,yes
C:\Users\suppo\Downloads\New Music\Top1000_Country\Shut Up And Fish.mp3,Shut Up And Fish.mp3,fallback_heuristic,Shut Up,And Fish,0.3,fallback_heuristic,Shut Up,And Fish,0.3,no
C:\Users\suppo\Downloads\New Music\Top1000_HipHop\Sippin On Some Syrup.mp3,Sippin On Some Syrup.mp3,fallback_heuristic,Sippin On,Some Syrup,0.3,fallback_heuristic,Sippin On,Some Syrup,0.3,no
C:\Users\suppo\Downloads\New Music\Top1000_Hard Rock_Metal\Slayer ~ Angel of Death (Lyrics).mp3,Slayer ~ Angel of Death (Lyrics).mp3,fallback_heuristic,Slayer ~,Angel of Death,0.3,known_artist_match,Slayer,~ Angel of Death (Lyrics),0.7,yes
C:\Users\suppo\Downloads\New Music\Top1000_HipHop\Slick Rick -la di da di lyrics.mp3,Slick Rick -la di da di lyrics.mp3,fallback_heuristic,Slick Rick,-la di da di lyrics,0.3,known_artist_match,Slick Rick,-la di da di lyrics,0.7,yes
C:\Users\suppo\Downloads\New Music\Top1000_HipHop\Slob On My Knob Three 6 Mafia.mp3,Slob On My Knob Three 6 Mafia.mp3,fallback_heuristic,Slob On,My Knob Three 6 Mafia,0.3,known_artist_end_match,Three 6 Mafia,Slob On My Knob,0.6,yes
C:\Users\suppo\Downloads\New Music\Top1000_Country\Somewhere Else-Toby Keith Lyrics.mp3,Somewhere Else-Toby Keith Lyrics.mp3,fallback_heuristic,Somewhere Else-Toby,Keith Lyrics,0.3,fallback_heuristic,Somewhere Else-Toby,Keith Lyrics,0.3,no
C:\Users\suppo\Downloads\New Music\Top1000_Classical\St. Pauls Suite By Gustav Holst No. 2 Ostinato.mp3,St. Pauls Suite By Gustav Holst No. 2 Ostinato.mp3,fallback_heuristic,St. Pauls,Suite By Gustav Holst No. 2 Ostinato,0.3,by_separator,Gustav Holst No. 2 Ostinato,St. Pauls Suite,0.8,yes
C:\Users\suppo\Downloads\New Music\Top1000_Classical\St. Pauls Suite Gustav Holst 1. Jig.mp3,St. Pauls Suite Gustav Holst 1. Jig.mp3,fallback_heuristic,St. Pauls,Suite Gustav Holst 1. Jig,0.3,fallback_heuristic,St. Pauls,Suite Gustav Holst 1. Jig,0.3,no
C:\Users\suppo\Downloads\New Music\Top1000_Classical\Symphony No. 9 ~ Beethoven.mp3,Symphony No. 9 ~ Beethoven.mp3,fallback_heuristic,Symphony No.,9 ~ Beethoven,0.3,known_artist_end_match,Beethoven,Symphony No. 9 ~,0.6,yes
C:\Users\suppo\Downloads\New Music\Top1000_Disco\Tavares heaven must be missing an angel.mp3,Tavares heaven must be missing an angel.mp3,fallback_heuristic,Tavares heaven,must be missing an angel,0.3,known_artist_match,Tavares,heaven must be missing an angel,0.7,yes
C:\Users\suppo\Downloads\New Music\Top1000_Blues\Tell Mama ~ Etta James.mp3,Tell Mama ~ Etta James.mp3,fallback_heuristic,Tell Mama,~ Etta James,0.3,fallback_heuristic,Tell Mama,~ Etta James,0.3,no
C:\Users\suppo\Downloads\New Music\Top1000_HipHop\Tha Dogg Pound - ＂What Would You Do＂.mp3,Tha Dogg Pound - ＂What Would You Do＂.mp3,fallback_heuristic,Tha Dogg,Pound -,0.3,hyphen_separator,Tha Dogg Pound,＂What Would You Do＂,0.8,yes
C:\Users\suppo\Downloads\New Music\Top1000_HipHop\tha Dogg Pound Gangstaz DPG New York New York uncensored Daz Dillinger Kurupt Snoop Doggy Dogg m2v.mp3,tha Dogg Pound Gangstaz DPG New York New York uncensored Daz Dillinger Kurupt Snoop Doggy Dogg m2v.mp3,fallback_heuristic,tha Dogg,Pound Gangstaz DPG New York New York uncensored Daz Dillinger Kurupt Snoop Doggy Dogg m2v,0.3,known_artist_match,tha Dogg Pound,Gangstaz DPG New York New York uncensored Daz Dillinger Kurupt Snoop Doggy Dogg m2v,0.7,yes
C:\Users\suppo\Downloads\New Music\Top1000_Southern Rock\The  Band ...   the Weight  1969 @ woodstock live.mp3,The  Band ...   the Weight  1969 @ woodstock live.mp3,fallback_heuristic,The Band,... the Weight 1969 @ woodstock live,0.3,fallback_heuristic,The Band,... the Weight 1969 @ woodstock live,0.3,no
C:\Users\suppo\Downloads\New Music\Top1000_Opera\The 3 Tenors O Sole Mio 1994.mp3,The 3 Tenors O Sole Mio 1994.mp3,fallback_heuristic,The 3,Tenors O Sole Mio 1994,0.3,fallback_heuristic,The 3,Tenors O Sole Mio 1994,0.3,no
C:\Users\suppo\Downloads\New Music\Top1000_HipHop\The Adventures Of Grandmaster Flash On The Wheels Of Steel.mp3,The Adventures Of Grandmaster Flash On The Wheels Of Steel.mp3,fallback_heuristic,The Adventures,Of Grandmaster Flash On The Wheels Of Steel,0.3,fallback_heuristic,The Adventures,Of Grandmaster Flash On The Wheels Of Steel,0.3,no
C:\Users\suppo\Downloads\New Music\Top1000_Southern Rock\The Byrds- I Wasn't Born To Follow.mp3,The Byrds- I Wasn't Born To Follow.mp3,fallback_heuristic,The Byrds-,I Wasn't Born To Follow,0.3,hyphen_separator,The Byrds,I Wasn't Born To Follow,0.8,yes
C:\Users\suppo\Downloads\New Music\Top1000_Southern Rock\The Doobie Brothers Listen to the Music ~With Lyrics~.mp3,The Doobie Brothers Listen to the Music ~With Lyrics~.mp3,fallback_heuristic,The Doobie,Brothers Listen to the Music ~With Lyrics~,0.3,fallback_heuristic,The Doobie,Brothers Listen to the Music ~With Lyrics~,0.3,no
C:\Users\suppo\Downloads\New Music\Top1000_HipHop\The Fast and the Furious Soundtrack-Organic Audio-Nurega.mp3,The Fast and the Furious Soundtrack-Organic Audio-Nurega.mp3,fallback_heuristic,The Fast,and the Furious Soundtrack-Organic Audio-Nurega,0.3,fallback_heuristic,The Fast,and the Furious Soundtrack-Organic Audio-Nurega,0.3,no
C:\Users\suppo\Downloads\New Music\Top1000_Opera\The man with his crazy voice~~~.mp3,The man with his crazy voice~~~.mp3,fallback_heuristic,The man,with his crazy voice~~~,0.3,fallback_heuristic,The man,with his crazy voice~~~,0.3,no
C:\Users\suppo\Downloads\New Music\Top1000_Southern Rock\The Outlaws This Old Road.mp3,The Outlaws This Old Road.mp3,fallback_heuristic,The Outlaws,This Old Road,0.3,fallback_heuristic,The Outlaws,This Old Road,0.3,no
C:\Users\suppo\Downloads\New Music\Top1000_HipHop\The Pharcyde ＂Runnin＂ Version 2 from Labcabincalifornia.mp3,The Pharcyde ＂Runnin＂ Version 2 from Labcabincalifornia.mp3,fallback_heuristic,The Pharcyde,Version 2 from Labcabincalifornia,0.3,known_artist_match,The Pharcyde,＂Runnin＂ Version 2 from Labcabincalifornia,0.7,yes
C:\Users\suppo\Downloads\New Music\Top1000_HipHop\The Roots- No Alibi.mp3,The Roots- No Alibi.mp3,fallback_heuristic,The Roots-,No Alibi,0.3,hyphen_separator,The Roots,No Alibi,0.8,yes
C:\Users\suppo\Downloads\New Music\Top1000_Jazz\The Ultimate 50s-60s Playlist 🎷Ella Fitzgerald & Louis Armstrong’s Greatest Duets 🎷Timeless Jazz.mp3,The Ultimate 50s-60s Playlist 🎷Ella Fitzgerald & Louis Armstrong’s Greatest Duets 🎷Timeless Jazz.mp3,fallback_heuristic,The Ultimate,50s-60s Playlist 🎷Ella Fitzgerald & Louis Armstrong’s Greatest Duets 🎷Timeless Jazz,0.3,fallback_heuristic,The Ultimate,50s-60s Playlist 🎷Ella Fitzgerald & Louis Armstrong’s Greatest Duets 🎷Timeless Jazz,0.3,no
C:\Users\suppo\Downloads\New Music\Top1000_Country\Tim McGraw- Where The Green Grass Grows.mp3,Tim McGraw- Where The Green Grass Grows.mp3,fallback_heuristic,Tim McGraw-,Where The Green Grass Grows,0.3,hyphen_separator,Tim McGraw,Where The Green Grass Grows,0.8,yes
C:\Users\suppo\Downloads\New Music\Top1000_Country\Toby Keith Old toy trains.mp3,Toby Keith Old toy trains.mp3,fallback_heuristic,Toby Keith,Old toy trains,0.3,known_artist_match,Toby Keith,Old toy trains,0.7,yes
C:\Users\suppo\Downloads\New Music\Top1000_Country\Toby Keith That Dont Make Me A Bad Guy lyric video.mp3,Toby Keith That Dont Make Me A Bad Guy lyric video.mp3,fallback_heuristic,Toby Keith,That Dont Make Me A Bad Guy lyric video,0.3,known_artist_match,Toby Keith,That Dont Make Me A Bad Guy lyric video,0.7,yes
C:\Users\suppo\Downloads\New Music\Top1000_Country\Toby Keith You Aint Much Fun.mp3,Toby Keith You Aint Much Fun.mp3,fallback_heuristic,Toby Keith,You Aint Much Fun,0.3,known_artist_match,Toby Keith,You Aint Much Fun,0.7,yes
C:\Users\suppo\Downloads\New Music\Top1000_Country\Toby Keith- Aint Breakin Nothin.mp3,Toby Keith- Aint Breakin Nothin.mp3,fallback_heuristic,Toby Keith-,Aint Breakin Nothin,0.3,hyphen_separator,Toby Keith,Aint Breakin Nothin,0.8,yes
C:\Users\suppo\Downloads\New Music\Top1000_Country\TOBY KEITHS Drinks After Work HD.mp3,TOBY KEITHS Drinks After Work HD.mp3,fallback_heuristic,TOBY KEITHS,Drinks After Work HD,0.3,fallback_heuristic,TOBY KEITHS,Drinks After Work HD,0.3,no
C:\Users\suppo\Downloads\New Music\Top1000_Classical\Toccata and Fugue in D Minor.mp3,Toccata and Fugue in D Minor.mp3,fallback_heuristic,Toccata and,Fugue in D Minor,0.3,fallback_heuristic,Toccata and,Fugue in D Minor,0.3,no
C:\Users\suppo\Downloads\New Music\Top1000_Club\Top 1000 EDM songs of all time.mp3,Top 1000 EDM songs of all time.mp3,fallback_heuristic,Top 1000,EDM songs of all time,0.3,fallback_heuristic,Top 1000,EDM songs of all time,0.3,no
C:\Users\suppo\Downloads\New Music\Top1000\True kash x Plug Party.mp3,True kash x Plug Party.mp3,fallback_heuristic,True kash,x Plug Party,0.3,fallback_heuristic,True kash,x Plug Party,0.3,no
C:\Users\suppo\Downloads\New Music\Top1000_HipHop\Twista ‎- Overnight Celebrity.mp3,Twista ‎- Overnight Celebrity.mp3,fallback_heuristic,Twista ‎-,Overnight Celebrity,0.3,hyphen_separator,Twista ‎,Overnight Celebrity,0.8,yes
C:\Users\suppo\Downloads\New Music\Top1000_Hard Rock_Metal\Van Halen- Runnin' with the devil.mp3,Van Halen- Runnin' with the devil.mp3,fallback_heuristic,Van Halen-,Runnin' with the devil,0.3,hyphen_separator,Van Halen,Runnin' with the devil,0.8,yes
C:\Users\suppo\Downloads\New Music\Top1000_Opera\Verdi’s Anvil Chorus from Il trovatore.mp3,Verdi’s Anvil Chorus from Il trovatore.mp3,fallback_heuristic,Verdi’s Anvil,Chorus from Il trovatore,0.3,fallback_heuristic,Verdi’s Anvil,Chorus from Il trovatore,0.3,no
"C:\Users\suppo\Downloads\New Music\Top1000_Jazz\Vintage Jazz 1950s 🎷 Golden Classics by Frank Sinatra, Nat King Cole & Louis Armstrong.mp3","Vintage Jazz 1950s 🎷 Golden Classics by Frank Sinatra, Nat King Cole & Louis Armstrong.mp3",fallback_heuristic,Vintage Jazz,"1950s 🎷 Golden Classics by Frank Sinatra, Nat King Cole & Louis Armstrong",0.3,by_separator,"Frank Sinatra, Nat King Cole & Louis Armstrong",Vintage Jazz 1950s 🎷 Golden Classics,0.8,yes
C:\Users\suppo\Downloads\New Music\Top1000_Hard Rock_Metal\Welcome to My Nightmare.mp3,Welcome to My Nightmare.mp3,fallback_heuristic,Welcome to,My Nightmare,0.3,fallback_heuristic,Welcome to,My Nightmare,0.3,no
C:\Users\suppo\Downloads\New Music\Top1000_Blues\Willie Dixon-Im Your Hoochie Coochie Man.mp3,Willie Dixon-Im Your Hoochie Coochie Man.mp3,fallback_heuristic,Willie Dixon-Im,Your Hoochie Coochie Man,0.3,fallback_heuristic,Willie Dixon-Im,Your Hoochie Coochie Man,0.3,no
C:\Users\suppo\Downloads\New Music\Top1000_Blues\Willie Dixon-The Little Red Rooster.mp3,Willie Dixon-The Little Red Rooster.mp3,fallback_heuristic,Willie Dixon-The,Little Red Rooster,0.3,fallback_heuristic,Willie Dixon-The,Little Red Rooster,0.3,no
C:\Users\suppo\Downloads\New Music\Top1000_Blues\Willie Dixon-The Same Thing.mp3,Willie Dixon-The Same Thing.mp3,fallback_heuristic,Willie Dixon-The,Same Thing,0.3,fallback_heuristic,Willie Dixon-The,Same Thing,0.3,no
C:\Users\suppo\Downloads\New Music\Top1000_Blues\Willie Dixon-The Seventh Son.mp3,Willie Dixon-The Seventh Son.mp3,fallback_heuristic,Willie Dixon-The,Seventh Son,0.3,fallback_heuristic,Willie Dixon-The,Seventh Son,0.3,no
C:\Users\suppo\Downloads\New Music\Top1000_Southern Rock\Wilson Pickett   Born To Be Wild.mp3,Wilson Pickett   Born To Be Wild.mp3,fallback_heuristic,Wilson Pickett,Born To Be Wild,0.3,fallback_heuristic,Wilson Pickett,Born To Be Wild,0.3,no
"C:\Users\suppo\Downloads\New Music\Top1000_Country\With you, Without you by Brad Paisley.wmv.mp3","With you, Without you by Brad Paisley.wmv.mp3",fallback_heuristic,"With you,",Without you by Brad Paisley.wmv,0.3,by_separator,Brad Paisley.wmv,"With you, Without you",0.8,yes
C:\Users\suppo\Downloads\New Music\Top1000_Hard Rock_Metal\You Can't Kill Rock and Roll.mp3,You Can't Kill Rock and Roll.mp3,fallback_heuristic,You Can't,Kill Rock and Roll,0.3,fallback_heuristic,You Can't,Kill Rock and Roll,0.3,no
C:\Users\suppo\Downloads\New Music\Top1000_Country\You Shouldnt Kiss Me Like This-Toby Keith+Lyrics.mp3,You Shouldnt Kiss Me Like This-Toby Keith+Lyrics.mp3,fallback_heuristic,You Shouldnt,Kiss Me Like This-Toby Keith+Lyrics,0.3,fallback_heuristic,You Shouldnt,Kiss Me Like This-Toby Keith+Lyrics,0.3,no
C:\Users\suppo\Downloads\New Music\Top1000_Disco\Young Hearts Run Free by Candi Staton.mp3,Young Hearts Run Free by Candi Staton.mp3,fallback_heuristic,Young Hearts,Run Free by Candi Staton,0.3,by_separator,Candi Staton,Young Hearts Run Free,0.8,yes
C:\Users\suppo\Downloads\New Music\Top1000_HipHop\Young Jeezy ft Fabo Geeked Up.mp3,Young Jeezy ft Fabo Geeked Up.mp3,fallback_heuristic,Young Jeezy,ft. Fabo Geeked Up,0.3,fallback_heuristic,Young Jeezy,ft Fabo Geeked Up,0.3,no
C:\Users\suppo\Downloads\New Music\Top1000_Country\Zac Brown Band Cold Hearted lyrics.mp3,Zac Brown Band Cold Hearted lyrics.mp3,fallback_heuristic,Zac Brown,Band Cold Hearted lyrics,0.3,known_artist_match,Zac Brown Band,Cold Hearted lyrics,0.7,yes
C:\Users\suppo\Downloads\New Music\Top1000_Country\Zac Brown Band ~ Free Extended Version.mp3,Zac Brown Band ~ Free Extended Version.mp3,fallback_heuristic,Zac Brown,Band ~ Free Extended Version,0.3,known_artist_match,Zac Brown Band,~ Free Extended Version,0.7,yes
"C:\Users\suppo\Downloads\New Music\Top1000_Opera\“She Get It” 🔥 Daj Dolla ft. OHGEESY, Jeezy Obama & 310BABII -.mp3","“She Get It” 🔥 Daj Dolla ft. OHGEESY, Jeezy Obama & 310BABII -.mp3",fallback_heuristic,She Get,"It 🔥 Daj Dolla ft. OHGEESY, Jeezy Obama & 310BABII -",0.3,fallback_heuristic,“She Get,"It” 🔥 Daj Dolla ft. OHGEESY, Jeezy Obama & 310BABII -",0.3,no
C:\Users\suppo\Downloads\New Music\Top1000_Country\＂But You Like Country Music＂ - Lyric Video Sunny Sweeney and Brennen Leigh.mp3,＂But You Like Country Music＂ - Lyric Video Sunny Sweeney and Brennen Leigh.mp3,fallback_heuristic,- Lyric,Video Sunny Sweeney and Brennen Leigh,0.3,hyphen_separator,＂But You Like Country Music＂,Lyric Video Sunny Sweeney and Brennen Leigh,0.8,yes
