track_id,artist,title,new_genre,new_subgenre,action,notes
1921,38 Special,38 Special - Back Where You Belong,Pop,,approve,ID3 tag confirmed via batch review
1922,38 Special,38 Special - Caught Up In You,Rock,,approve,ID3 tag confirmed via batch review
1923,38 Special,38 Special - Hold On Loosely,Rock,,approve,ID3 tag confirmed via batch review
1924,38 Special,38 Special - If I'd Been The One,Rock,,approve,ID3 tag confirmed via batch review
1925,38 Special,38 Special - Somebody Like You,Rock,,approve,ID3 tag confirmed via batch review
1926,Aaron Lewis,Aaron Lewis - Am I The Only One,Folk,,approve,ID3 tag confirmed via batch review
1927,Aaron Lewis,Aaron Lewis - Country Boy,Country,,approve,ID3 tag confirmed via batch review
1929,Aaron Tippin,Aaron Tippin - Big Boy Toys,Country,,approve,ID3 tag confirmed via batch review
1931,Aaron Tippin,Aaron Tippin - He Believed,Country,,approve,ID3 tag confirmed via batch review
1932,Aaron Tippin,Aaron Tippin - That's As Close As I'll Get To Loving You,Country,,approve,ID3 tag confirmed via batch review
1933,Aaron Tippin,Aaron Tippin - The Call of the Wild,Country,,approve,ID3 tag confirmed via batch review
1934,Aaron Tippin,Aaron Tippin - There Ain't Nothin' Wrong with the Radio,Country,,approve,ID3 tag confirmed via batch review
1935,Aaron Tippin,Aaron Tippin - Where The Stars And Stripes And The Eagle Fly,Country,,approve,ID3 tag confirmed via batch review
1936,Aaron Tippin,Aaron Tippin - Working Man's Phd,Country,,approve,ID3 tag confirmed via batch review
1937,Aaron Tippin,Aaron Tippin - You've Got to Stand for Something,Country,,approve,ID3 tag confirmed via batch review
1938,AC,AC-DC - Flick of the Switch,Rock,,approve,ID3 tag confirmed via batch review
1939,AC,AC-DC - Highway to Hell,Rock,Classic Rock,approve,ID3 tag confirmed via batch review
1940,AC,AC-DC - Money Talks,Rock,Classic Rock,approve,ID3 tag confirmed via batch review
1941,AC,AC-DC - Shoot To Thrill,Rock,Classic Rock,approve,ID3 tag confirmed via batch review
1942,AC,AC-DC - Who Made Who,Rock,Classic Rock,approve,ID3 tag confirmed via batch review
1943,Adam Calhoun,Adam Calhoun feat. Demun Jones Brodnax Dusty Leigh - Gumbo,Hip-Hop,,approve,ID3 tag confirmed via batch review
1944,Adam Calhoun & Demun Jones,"Adam Calhoun, Demun Jones, & Upchurch - World Went to Waste 2.0",Hip-Hop,,approve,ID3 tag confirmed via batch review
1945,Afroman,Afroman - Because I Got High,Hip-Hop,,approve,ID3 tag confirmed via batch review
1946,Airbourne,Airbourne - Back In The Game,Rock,Classic Rock,approve,ID3 tag confirmed via batch review
1947,Airbourne,"Airbourne - Blonde, Bad And Beautiful",Rock,Classic Rock,approve,ID3 tag confirmed via batch review
1948,Airbourne,Airbourne - Bottom Of The Well,Rock,Classic Rock,approve,ID3 tag confirmed via batch review
1949,Airbourne,Airbourne - Breakin' Outta Hell,Rock,Classic Rock,approve,ID3 tag confirmed via batch review
1950,Airbourne,Airbourne - Girls In Black,Rock,Classic Rock,approve,ID3 tag confirmed via batch review
1951,Airbourne,Airbourne - It's All For Rock N' Roll,Rock,Classic Rock,approve,ID3 tag confirmed via batch review
1952,Airbourne,Airbourne - Light It Up,Rock,Classic Rock,approve,ID3 tag confirmed via batch review
1954,Airbourne,"Airbourne - Too Much, Too Young, Too Fast",Rock,Classic Rock,approve,ID3 tag confirmed via batch review
1955,Akon featuring Eminem,Akon ft Eminem - Smack That ,Hip-Hop,,approve,ID3 tag confirmed via batch review
1956,Alabama,Alabama - If You're Gonna Play In Texas,Country,,approve,ID3 tag confirmed via batch review
1957,Alabama,Alabama - Mountain Music,Country,,approve,ID3 tag confirmed via batch review
1958,Alan Jackson,Alan Jackson - Drive,Country,,approve,ID3 tag confirmed via batch review
1959,Alan Jackson,Alan Jackson - Hard Hat And A Hammer,Country,,approve,ID3 tag confirmed via batch review
1960,Alan Jackson,Alan Jackson - I Don't Even Know Your Name,Country,,approve,ID3 tag confirmed via batch review
1961,Alan Jackson,Alan Jackson - Little Bitty,Country,,approve,ID3 tag confirmed via batch review
1962,Alan Jackson,Alan Jackson - Midnight in Montgomery,Country,,approve,ID3 tag confirmed via batch review
1963,Alan Jackson,Alan Jackson - Remember When,Country,,approve,ID3 tag confirmed via batch review
1964,Alan Jackson,Alan Jackson - Who's Cheatin' Who,Country,,approve,ID3 tag confirmed via batch review
1965,Aldo Nova,Aldo Nova  -  Fantasy,Pop,,approve,ID3 tag confirmed via batch review
1966,Alice Cooper,Alice Cooper - Poison,Rock,,approve,ID3 tag confirmed via batch review
1967,America,America - A Horse With No Name,Rock,,approve,ID3 tag confirmed via batch review
1968,Animotion,Animotion - Obsession,Pop,,approve,ID3 tag confirmed via batch review
1969,Aaron Tippin,Aaron Tippin - Drivin_Fool ,Country,,approve,ID3 tag confirmed via batch review
1970,Austin Forman,Austin Forman - Home Sweet Home,Country,,approve,ID3 tag confirmed via batch review
1971,Ava Boyz,Ava Boyz - Aumaia Lou Alofa,World,,approve,ID3 tag confirmed via batch review
1972,Avenged Sevenfold,Avenged Sevenfold - Hail To The King,Metal,,approve,ID3 tag confirmed via batch review
1973,Bad Company,Bad Company - Feel Like Making Love,Rock,,approve,ID3 tag confirmed via batch review
1974,Bad Company,Bad Company - Good Lovin Gone Bad,Rock,,approve,ID3 tag confirmed via batch review
1975,Bad Company,Bad Company - Rock 'N' Roll Fantasy,Rock,,approve,ID3 tag confirmed via batch review
1976,Bad Company,Bad Company - Shooting Star,Rock,,approve,ID3 tag confirmed via batch review
1977,Bad Wolves,Bad Wolves - Hear Me Now ,Rock,Classic Rock,approve,ID3 tag confirmed via batch review
1978,Bad Wolves,Bad Wolves - If Tomorrow Never Comes,Metal,,approve,ID3 tag confirmed via batch review
1979,Bad Wolves,Bad Wolves - No Masters,Rock,Classic Rock,approve,ID3 tag confirmed via batch review
1980,Bad Wolves,Bad Wolves - Remember When,Metal,,approve,ID3 tag confirmed via batch review
1981,Big & Rich,Big and Rich - Save a Horse Ride a Cowboy,Country,,approve,ID3 tag confirmed via batch review
1982,Billy Currington,Billy Currington - Good Direction,Country,,approve,ID3 tag confirmed via batch review
1983,Billy Currington,Billy Currington - Pretty Good At Drinkin' Beer,Country,,approve,ID3 tag confirmed via batch review
1984,Billy Idol,Billy Idol - Cradle Of Love,Rock,Alternative,approve,ID3 tag confirmed via batch review
1985,Billy Idol,Billy Idol - White Wedding,Rock,,approve,ID3 tag confirmed via batch review
1986,Billy Joe Shaver,Billy Joe Shaver - Georgia on a Fast Train,Country,,approve,ID3 tag confirmed via batch review
1987,Billy Joel,Billy Joel - My Life,Rock,,approve,ID3 tag confirmed via batch review
1988,Billy Joel,Billy Joel - Only the Good Die Young,Rock,,approve,ID3 tag confirmed via batch review
1989,Billy Joel,Billy Joel - Pressure,Pop,,approve,ID3 tag confirmed via batch review
1990,Billy Joel,Billy Joel - You May Be Right,Rock,,approve,ID3 tag confirmed via batch review
1991,Billy Ray Cyrus,Billy Ray Cyrus - Some Gave All,Country,,approve,ID3 tag confirmed via batch review
1992,Billy Ray Cyrus,Billy Ray Cyrus - Words By Heart ,Country,,approve,ID3 tag confirmed via batch review
1993,Billy Squier,Billy Squier - Everybody Wants You,Pop,,approve,ID3 tag confirmed via batch review
1994,Billy Squier,Billy Squier - The Stroke,Rock,Classic Rock,approve,ID3 tag confirmed via batch review
1995,Billy Squier,Billy Squire - Lonely Is the Night,Rock,,approve,ID3 tag confirmed via batch review
1996,Billy Squier,Billy Squire - My Kinda Lover,Rock,,approve,ID3 tag confirmed via batch review
1997,Blackberry Smoke,Black Berry Smoke - Good One,Country,,approve,ID3 tag confirmed via batch review
1998,Black Stone Cherry,Black Stone Cherry - Blame It On The Boom Boom,Rock,,approve,ID3 tag confirmed via batch review
1999,Black Stone Cherry,Black Stone Cherry - White Trash Millionaire,Rock,,approve,ID3 tag confirmed via batch review
2000,Black Stone Cherry,Black Stone Cherry - You,Rock,,approve,ID3 tag confirmed via batch review
2001,Blackberry Smoke,Blackberry Smoke - Run Away From It All,Rock,,approve,ID3 tag confirmed via batch review
2002,Blackfoot,Blackfoot - Train Train,Rock,Classic Rock,approve,ID3 tag confirmed via batch review
2003,BlackHawk,BlackHawk - Every Once In a While,Country,,approve,ID3 tag confirmed via batch review
2004,BlackHawk,BlackHawk - I Sure Can Smell the Rain,Country,,approve,ID3 tag confirmed via batch review
2005,Blacktop Mojo,Blacktop Mojo - Wicked Woman,Rock,Classic Rock,approve,ID3 tag confirmed via batch review
2006,Blake Shelton,Blake Shelton - A Guy With A Girl,Country,,approve,ID3 tag confirmed via batch review
2007,Blake Shelton,Blake Shelton - Boys Round Here,Country,,approve,ID3 tag confirmed via batch review
2009,Blake Shelton,Blake Shelton - Kiss My Country Ass,Country,,approve,ID3 tag confirmed via batch review
2010,Blake Shelton,Blake Shelton - Some Beach,Country,,approve,ID3 tag confirmed via batch review
2011,Blondie,Blondie - Heart Of Glass,Rock,,approve,ID3 tag confirmed via batch review
2012,Blue Öyster Cult,Blue Oyster Cult - Don't Fear the Reaper,Rock,Classic Rock,approve,ID3 tag confirmed via batch review
2013,Bob Marley & The Wailers,Bob Marley - Three Little Birds,Reggae,,approve,ID3 tag confirmed via batch review
2014,Bob Seger & The Silver Bullet Band,Bob Seger - Turn The Page,Rock,,approve,ID3 tag confirmed via batch review
2015,Born Jamericans,Born Jamericans - Sweet Honey,Reggae,,approve,ID3 tag confirmed via batch review
2016,Boston,Boston - More Than A Feeling,Rock,,approve,ID3 tag confirmed via batch review
2018,Brad Paisley,Brad Paisley - I'm Gonna Miss Her,Country,,approve,ID3 tag confirmed via batch review
2019,Brad Paisley,Brad Paisley - Me Neither,Country,,approve,ID3 tag confirmed via batch review
2020,Brad Paisley,Brad Paisley - Mud On The Tires,Country,,approve,ID3 tag confirmed via batch review
2021,Brad Paisley,Brad Paisley - Old Alabama,Country,,approve,ID3 tag confirmed via batch review
2022,Brad Paisley,Brad Paisley - Ticks,Country,,approve,ID3 tag confirmed via batch review
2023,Brad Paisley,Brad Paisley - Waiting on a Woman,Country,,approve,ID3 tag confirmed via batch review
2024,Brad Paisley,Brad Paisley - Wrapped Around,Country,,approve,ID3 tag confirmed via batch review
2025,Brandon Hart,Brandon Hart  - Middle,Rock,Alternative,approve,ID3 tag confirmed via batch review
2026,Brandon Hart,Brandon Hart - Crazy,Hip-Hop,,approve,ID3 tag confirmed via batch review
2027,Brandon Hart,Brandon Hart - Dad Bod,Rock,Alternative,approve,ID3 tag confirmed via batch review
2028,Brandon Hart,Brandon Hart - Dealing With,Hip-Hop,,approve,ID3 tag confirmed via batch review
2029,Brandon Hart,Brandon Hart - Dreams,Rock,Alternative,approve,ID3 tag confirmed via batch review
2030,Brandon Hart,Brandon Hart - Opener,Hip-Hop,,approve,ID3 tag confirmed via batch review
2031,Brandon Hart,Brandon Hart - Slow,Hip-Hop,,approve,ID3 tag confirmed via batch review
2032,Brandon Hart,Brandon Hart - Wave,Rock,Alternative,approve,ID3 tag confirmed via batch review
2033,Brantley Gilbert,Brantley Gilbert - Country Must Be Country Wide,Country,,approve,ID3 tag confirmed via batch review
2034,Brett Young,Brett Young - In Case You Didn't Know,Country,,approve,ID3 tag confirmed via batch review
2035,Bryan Adams,Brian Adams - Summer of '69,Pop,,approve,ID3 tag confirmed via batch review
2036,Brooks & Dunn,Brooks & Dunn - Ain't Nothing 'Bout You,Country,,approve,ID3 tag confirmed via batch review
2037,Brooks & Dunn,Brooks & Dunn - Brand New Man,Country,,approve,ID3 tag confirmed via batch review
2038,Brooks & Dunn,Brooks & Dunn - Hard Workin' Man,Country,,approve,ID3 tag confirmed via batch review
2039,Brooks & Dunn,Brooks & Dunn - Lost And Found ,Country,,approve,ID3 tag confirmed via batch review
2040,Brooks & Dunn,Brooks & Dunn - My Next Broken Heart,Country,,approve,ID3 tag confirmed via batch review
2041,Brooks & Dunn,Brooks & Dunn - She's Not The Cheatin' Kind,Country,,approve,ID3 tag confirmed via batch review
2042,Brooks & Dunn,Brooks & Dunn - That Ain't No Way To Go,Country,,approve,ID3 tag confirmed via batch review
2043,Bryan Martin,Bryan Martin - Divided States,Country,,approve,ID3 tag confirmed via batch review
2044,Bryan Martin,Bryan Martin - Everyone_s An Outlaw,Country,,approve,ID3 tag confirmed via batch review
2045,Bryan Martin,Bryan Martin - We Ride,Country,,approve,ID3 tag confirmed via batch review
2046,Bubba Sparxxx,Bubba Sparxxx - Country Folks,Country,,approve,ID3 tag confirmed via batch review
2047,Bubba Sparxxx,Bubba Sparxxx Ft  Jj Lawhorn  - Past Is Practice,Hip-Hop,,approve,ID3 tag confirmed via batch review
2048,Buckcherry,Buckcherry - Hellbound,Rock,,approve,ID3 tag confirmed via batch review
2049,Buddy Brown,Buddy Brown  - All a Man Needs,Country,,approve,ID3 tag confirmed via batch review
2050,Buddy Brown,Buddy Brown - Bounty Hunter,Country,,approve,ID3 tag confirmed via batch review
2051,Buddy Brown,Buddy Brown - Deer Camp,Country,,approve,ID3 tag confirmed via batch review
2052,Buddy Brown,Buddy Brown - Different Set Of Rules,Country,,approve,ID3 tag confirmed via batch review
2053,Buddy Brown,Buddy Brown - Don't Run From The Cops,Country,,approve,ID3 tag confirmed via batch review
2054,Buddy Brown,Buddy Brown - I AM 911,Country,,approve,ID3 tag confirmed via batch review
2055,Buddy Brown,Buddy Brown - I Call BS on That,Country,,approve,ID3 tag confirmed via batch review
2056,Buddy Brown,Buddy Brown - If This Country Still Had Balls,Country,,approve,ID3 tag confirmed via batch review
2057,Buddy Brown,Buddy Brown - Junior,Country,,approve,ID3 tag confirmed via batch review
2058,Buddy Brown,Buddy Brown - Just Saying,Country,,approve,ID3 tag confirmed via batch review
2059,Buddy Brown,Buddy Brown - Kids That Never Got Spanked,Country,,approve,ID3 tag confirmed via batch review
2060,Buddy Brown,Buddy Brown - Man Card,Country,,approve,ID3 tag confirmed via batch review
2061,Buddy Brown,Buddy Brown - Mason Jar,Country,,approve,ID3 tag confirmed via batch review
2062,Buddy Brown,Buddy Brown - Set In My Ways,Country,,approve,ID3 tag confirmed via batch review
2063,Buddy Brown,Buddy Brown - The Beer Truck,Country,,approve,ID3 tag confirmed via batch review
2064,Buddy Brown,Buddy Brown - Tore Up ,Country,,approve,ID3 tag confirmed via batch review
2065,Carrie Underwood,Carrie Underwood - Before He Cheats,Pop,,approve,ID3 tag confirmed via batch review
2066,Carrie Underwood,Carrie Underwood - Church Bells,Pop,,approve,ID3 tag confirmed via batch review
2067,Carrie Underwood,Carrie Underwood - Undo It,Country,,approve,ID3 tag confirmed via batch review
2068,Chad Mac,Chad Mac - Party In The Woods feat. Afroman,Country,,approve,ID3 tag confirmed via batch review
2069,Chamillionaire,Chamillionaire - Good Morning,Hip-Hop,,approve,ID3 tag confirmed via batch review
2070,Chamillionaire,Chamillionaire - Ridin' Dirty,Hip-Hop,,approve,ID3 tag confirmed via batch review
2071,The Charlie Daniels Band,Charlie Daniels - A Few More Rednecks,Rock,,approve,ID3 tag confirmed via batch review
2072,The Charlie Daniels Band,Charlie Daniels - Simple Man,Rock,,approve,ID3 tag confirmed via batch review
2073,Chase Matthew,Chase Matthew - County Line,Country,,approve,ID3 tag confirmed via batch review
2074,Chicago,Chicago - Saturday in the Park,Rock,,approve,ID3 tag confirmed via batch review
2075,Chris Janson,Chris Janson - Buy Me A Boat,Country,,approve,ID3 tag confirmed via batch review
2076,Chris LeDoux,Chris LeDoux - 8 Second Ride,Country,,approve,ID3 tag confirmed via batch review
2077,Chris LeDoux,Chris LeDoux - Cadillac Ranch,Country,,approve,ID3 tag confirmed via batch review
2078,Chris LeDoux,Chris Ledoux - County Fair,Country,,approve,ID3 tag confirmed via batch review
2079,Chris LeDoux,Chris LeDoux - The Call Of The Wild,Country,,approve,ID3 tag confirmed via batch review
2080,Chris LeDoux,Chris LeDoux - The Ride,Country,,approve,ID3 tag confirmed via batch review
2081,Chris LeDoux,Chris LeDoux - Whatcha Gonna Do With A Cowboy,Country,,approve,ID3 tag confirmed via batch review
2082,Chris Stapleton,Chris Stapleton - Fire Away,Country,,approve,ID3 tag confirmed via batch review
2083,Chris Stapleton,Chris Stapleton - Friendship,Country,,approve,ID3 tag confirmed via batch review
2084,Chris Stapleton,Chris Stapleton - Hard Livin',Country,,approve,ID3 tag confirmed via batch review
2085,Chris Stapleton,Chris Stapleton - I Was Wrong,Country,,approve,ID3 tag confirmed via batch review
2086,Chris Stapleton,Chris Stapleton - Midnight Train To Memphis,Country,,approve,ID3 tag confirmed via batch review
2087,Chris Stapleton,Chris Stapleton - Millionaire,Country,,approve,ID3 tag confirmed via batch review
2088,Chris Stapleton,Chris Stapleton - Nobody to Blame,Country,,approve,ID3 tag confirmed via batch review
2089,Chris Stapleton,Chris Stapleton - Parachute,Country,,approve,ID3 tag confirmed via batch review
2090,Chris Stapleton,Chris Stapleton - Second One To Know,Country,,approve,ID3 tag confirmed via batch review
2091,Chris Stapleton,Chris Stapleton - Tryin To Untangle My Mind,Country,,approve,ID3 tag confirmed via batch review
2092,Chris Young,Chris Young - Aw Naw,Country,,approve,ID3 tag confirmed via batch review
2093,Chris Young,Chris Young - Drowning,Country,,approve,ID3 tag confirmed via batch review
2094,Chris Young,Chris Young - Gettin' You Home,Country,,approve,ID3 tag confirmed via batch review
2095,Chris Young,Chris Young - Hangin' On,Country,,approve,ID3 tag confirmed via batch review
2096,Chris Young,Chris Young - I'm Comin' Over,Country,,approve,ID3 tag confirmed via batch review
2097,Chris Young,Chris Young - If That Ain't God,Country,,approve,ID3 tag confirmed via batch review
2098,Chris Young,Chris Young - Raised on Country,Country,,approve,ID3 tag confirmed via batch review
2100,Chris Young,Chris Young - Tomorrow,Country,,approve,ID3 tag confirmed via batch review
2101,Chris Young,Chris Young - Voices,Country,,approve,ID3 tag confirmed via batch review
2102,Chris Young,Chris Young - Who I Am with You,Country,,approve,ID3 tag confirmed via batch review
2103,Clay Walker,Clay Walker - Countrified,Country,,approve,ID3 tag confirmed via batch review
2104,Clay Walker,Clay Walker - Fore She Was Mama,Country,,approve,ID3 tag confirmed via batch review
2105,Clay Walker,Clay Walker - If I Could Make a Living,Country,,approve,ID3 tag confirmed via batch review
2106,Clay Walker,Clay Walker - Long the Cowboy,Country,,approve,ID3 tag confirmed via batch review
2107,Clay Walker,Clay Walker - Need a Bar Sometimes,Country,,approve,ID3 tag confirmed via batch review
2108,Clay Walker,Clay Walker - Rock the Radio,Country,,approve,ID3 tag confirmed via batch review
2109,Clay Walker,Clay Walker - She Wont Be Lonely Long,Country,,approve,ID3 tag confirmed via batch review
2110,Clay Walker,Clay Walker - Then What,Country,,approve,ID3 tag confirmed via batch review
2111,Clay Walker,Clay Walker - What's It To You,Country,,approve,ID3 tag confirmed via batch review
2112,Climax Blues Band,Climax Blues Band - I Love You,Rock,,approve,ID3 tag confirmed via batch review
2113,Clint Black,Clint Black - A Good Run Of Bad Luck,Country,,approve,ID3 tag confirmed via batch review
2114,Cody Jinks,Cody Jinks - Loud and Heavy,Country,,approve,ID3 tag confirmed via batch review
2115,Collin Raye,Collin Raye - Little Red Rodeo,Country,,approve,ID3 tag confirmed via batch review
2116,Confederate Railroad,Confederate Railroad - Daddy Never Was The Cadillac Kind,Country,,approve,ID3 tag confirmed via batch review
2117,Confederate Railroad,Confederate Railroad - She Took It Like A Man,Country,,approve,ID3 tag confirmed via batch review
2118,Confederate Railroad,Confederate Railroad - Trashy Women,Country,,approve,ID3 tag confirmed via batch review
2119,Coolio,Coolio - Fantastic Voyage,Hip-Hop,,approve,ID3 tag confirmed via batch review
2120,Craig Morgan,Craig Morgan - Almost Home,Country,,approve,ID3 tag confirmed via batch review
2121,Craig Morgan,Craig Morgan - Bonfire,Country,,approve,ID3 tag confirmed via batch review
2122,Craig Morgan,Craig Morgan - International Harvester,Country,,approve,ID3 tag confirmed via batch review
2123,Craig Morgan,Craig Morgan - Little Bit of Life,Country,,approve,ID3 tag confirmed via batch review
2124,Craig Morgan,Craig Morgan - More Trucks Than Cars,Country,,approve,ID3 tag confirmed via batch review
2125,Craig Morgan,Craig Morgan - Paradise,Country,,approve,ID3 tag confirmed via batch review
2126,Craig Morgan,Craig Morgan - Redneck Yacht Club,Country,,approve,ID3 tag confirmed via batch review
2127,Craig Morgan,Craig Morgan - This Ain't Nothin',Country,,approve,ID3 tag confirmed via batch review
2128,Crazy Lixx,Crazy Lixx - Hunter of the Heart,Rock,Classic Rock,approve,ID3 tag confirmed via batch review
2129,Crazy Lixx,Crazy Lixx - Killer,Rock,Classic Rock,approve,ID3 tag confirmed via batch review
2130,Crazy Lixx,Crazy Lixx - Silent Thunder,Rock,Classic Rock,approve,ID3 tag confirmed via batch review
2131,Creed,Creed - One Last Breath,Rock,,approve,ID3 tag confirmed via batch review
2132,Creed,Creed - With Arms Wide Open,Rock,,approve,ID3 tag confirmed via batch review
2133,Creed Fisher,Creed Fisher - Blue Collar Town,Country,,approve,ID3 tag confirmed via batch review
2134,Creed Fisher,Creed Fisher - Daddy's Been Gone Too Long,Country,,approve,ID3 tag confirmed via batch review
2135,Creed Fisher,"Creed Fisher - Drink, Smoke, Cuss & Fight",Country,,approve,ID3 tag confirmed via batch review
2136,Creed Fisher,Creed Fisher - I'll Have a Few More,Country,,approve,ID3 tag confirmed via batch review
2137,Creed Fisher,Creed Fisher - I'm Growing Older But I'm Not Growing Up,Country,,approve,ID3 tag confirmed via batch review
2138,Creed Fisher,Creed Fisher - If You Have a Right to Burn My Flag,Country,,approve,ID3 tag confirmed via batch review
2139,Creed Fisher,Creed Fisher - If You Wanna Have a Good Time,Country,,approve,ID3 tag confirmed via batch review
2140,Creed Fisher,Creed Fisher - It Damn Sure Ain't Merle,Country,,approve,ID3 tag confirmed via batch review
2141,Creed Fisher,Creed Fisher - Life Of A Workin' Man,Country,,approve,ID3 tag confirmed via batch review
2142,Creed Fisher,Creed Fisher - Old School,Country,,approve,ID3 tag confirmed via batch review
2143,Creed Fisher,Creed Fisher - The Way That I Am,Country,,approve,ID3 tag confirmed via batch review
2144,Creed Fisher,Creed Fisher - This Place Called USA,Country,,approve,ID3 tag confirmed via batch review
2145,Creed Fisher,Creed Fisher - This Side of Town,Country,,approve,ID3 tag confirmed via batch review
2146,Creed Fisher,Creed Fisher - Try to Burn This One,Country,,approve,ID3 tag confirmed via batch review
2147,Creed Fisher,Creed Fisher - You Got an App for That,Country,,approve,ID3 tag confirmed via batch review
2149,Darius Rucker,Darius Rucker - Don't Think I Don't Think About It,Country,,approve,ID3 tag confirmed via batch review
2150,Darryl Worley,Darryl Worley - Have You Forgotten,Country,,approve,ID3 tag confirmed via batch review
2151,Daryle Singletary,Daryle Singletary - Too Much Fun,Pop,,approve,ID3 tag confirmed via batch review
2152,Daughtry,Daughtry - Crawling Back To You,Rock,,approve,ID3 tag confirmed via batch review
2153,Daughtry,Daughtry - No Surprise,Rock,,approve,ID3 tag confirmed via batch review
2154,Daughtry,Daughtry - Outta My Head,Rock,,approve,ID3 tag confirmed via batch review
2155,Dave Bray USA,Dave Bray - Survivor,Rock,,approve,ID3 tag confirmed via batch review
2156,Dave Bray USA,Dave Bray - Warrior Inside,Rock,,approve,ID3 tag confirmed via batch review
2157,David Allan Coe,David Allan Coe - If That Ain't Country,Country,,approve,ID3 tag confirmed via batch review
2158,David Allan Coe,David Allen Coe - You Never Even Called Me by My Name,Country,,approve,ID3 tag confirmed via batch review
2159,David Lee Murphy,David Lee Murphy - Dust On The Bottle,Country,,approve,ID3 tag confirmed via batch review
2160,Dax & Tom MacDonald,Dax - Propaganda Feat. Tom MacDonald,Hip-Hop,,approve,ID3 tag confirmed via batch review
2161,Deep Purple,Deep Purple - Knocking At Your Back Door,Rock,,approve,ID3 tag confirmed via batch review
2162,Def Leppard,Def Leppard - Animal,Rock,,approve,ID3 tag confirmed via batch review
2163,Def Leppard,Def Leppard - Armageddon It,Rock,,approve,ID3 tag confirmed via batch review
2164,Def Leppard,Def Leppard - Dangerous,Rock,,approve,ID3 tag confirmed via batch review
2165,Def Leppard,Def Leppard - Foolin,Rock,,approve,ID3 tag confirmed via batch review
2166,Def Leppard,Def Leppard - Love Bites,Rock,,approve,ID3 tag confirmed via batch review
2167,Def Leppard,Def Leppard - Nine Lives,Rock,,approve,ID3 tag confirmed via batch review
2168,Def Leppard,Def Leppard - Personal Jesus,Rock,,approve,ID3 tag confirmed via batch review
2169,Def Leppard,Def Leppard - Pour Some Sugar On Me,Rock,Classic Rock,approve,ID3 tag confirmed via batch review
2170,Def Leppard,Def Leppard - Rock Of Ages ,Rock,,approve,ID3 tag confirmed via batch review
2171,Def Leppard,Def Leppard - Too Late For Love,Rock,,approve,ID3 tag confirmed via batch review
2173,Demun Jones & Upchurch,Demun Jones & Upchurch  - Off Road,Hip-Hop,,approve,ID3 tag confirmed via batch review
2174,Demun Jones,Demun Jones - Backyard Lullaby,Country,,approve,ID3 tag confirmed via batch review
2175,Jawga Boyz,Demun Jones - Country First,Hip-Hop,,approve,ID3 tag confirmed via batch review
2176,Demun Jones,Demun Jones - Feeling Good,Hip-Hop,,approve,ID3 tag confirmed via batch review
2177,Demun Jones,Demun Jones - Jessica,Hip-Hop,,approve,ID3 tag confirmed via batch review
2178,Demun Jones,Demun Jones - My Town,Country,,approve,ID3 tag confirmed via batch review
2179,Demun Jones,Demun Jones - RedWhiteBlue,Hip-Hop,,approve,ID3 tag confirmed via batch review
2180,Demun Jones,Demun Jones - Tannerite,Country,,approve,ID3 tag confirmed via batch review
2181,Demun Jones & Long Cut,Demun Jones - The Leaves,Hip-Hop,,approve,ID3 tag confirmed via batch review
2182,Demun Jones,Demun Jones - Truck Music,Country,,approve,ID3 tag confirmed via batch review
2183,Demun Jones,Demun Jones - We Them Boys,Hip-Hop,,approve,ID3 tag confirmed via batch review
2184,Depeche Mode,Depeche Mode - People Are People,Rock,,approve,ID3 tag confirmed via batch review
2185,Depeche Mode,Depeche Mode - Personal Jesus,Rock,,approve,ID3 tag confirmed via batch review
2187,Dillon Carmichael,Dillon Carmichael - Pickin Up Girls,Country,,approve,ID3 tag confirmed via batch review
2188,Dire Straits,Dire Straits - Money for Nothing,Rock,,approve,ID3 tag confirmed via batch review
2189,Dire Straits,Dire Straits - Walk of Life,Rock,,approve,ID3 tag confirmed via batch review
2190,Buddy Brown,Dirty Pictures - Buddy Brown,Country,,approve,ID3 tag confirmed via batch review
2191,Disturbed,Disturbed - Down With the Sickness,Rock,Classic Rock,approve,ID3 tag confirmed via batch review
2192,Disturbed,Disturbed - Feeding the Fire,Rock,,approve,ID3 tag confirmed via batch review
2193,Disturbed,Disturbed - Hey You,Rock,,approve,ID3 tag confirmed via batch review
2194,Disturbed,Disturbed - Stricken,Rock,Classic Rock,approve,ID3 tag confirmed via batch review
2195,Disturbed,Disturbed - The Light,Rock,Classic Rock,approve,ID3 tag confirmed via batch review
2196,Disturbed,Disturbed - The Sound Of Silence,Rock,Classic Rock,approve,ID3 tag confirmed via batch review
2197,Disturbed,Disturbed - The Vengeful One,Rock,Classic Rock,approve,ID3 tag confirmed via batch review
2200,Don Henley,Don Henley - Dirty Laundry,Rock,,approve,ID3 tag confirmed via batch review
2201,Donice Morace,Donice Morace - Boots On,Country,,approve,ID3 tag confirmed via batch review
2202,Donice Morace,Donice Morace - Good Hurt Comin' on,Country,,approve,ID3 tag confirmed via batch review
2203,Donice Morace,Donice Morace - Wait 'til We Get Home,Country,,approve,ID3 tag confirmed via batch review
2204,Donice Morace,Donice Morris - Wore It Out,Country,,approve,ID3 tag confirmed via batch review
2205,Doug Supernaw,Doug Supernaw - I Don't Call Him Daddy,Country,,approve,ID3 tag confirmed via batch review
2206,Durte,DurtE - How Dirtbagz Roll,Hip-Hop,,approve,ID3 tag confirmed via batch review
2207,Dwight Yoakam,Dwight Yoakam - Suspicious Minds,Country,,approve,ID3 tag confirmed via batch review
2209,Eddy Grant,Eddy Grant - Electric Avenue,Pop,,approve,ID3 tag confirmed via batch review
2210,Edwin McCain,Edwin McCain - I'll be,Rock,Alternative,approve,ID3 tag confirmed via batch review
2211,Electric Light Orchestra,Electric Light Orchestra -  Evil Woman,Rock,,approve,ID3 tag confirmed via batch review
2212,Electric Light Orchestra,Electric Light Orchestra - Don't Bring Me Down,Rock,,approve,ID3 tag confirmed via batch review
2213,Elton John,Elton John - Levon,Pop,,approve,ID3 tag confirmed via batch review
2214,Elton John,Elton John - Rocket Man,Rock,,approve,ID3 tag confirmed via batch review
2215,Emilio,Emilio - Even if I Tried,Country,,approve,ID3 tag confirmed via batch review
2216,Eminem,Eminem - Without Me,Hip-Hop,,approve,ID3 tag confirmed via batch review
2217,Tom MacDonald,End Of The World - Tom MacDonald,Hip-Hop,,approve,ID3 tag confirmed via batch review
2218,Eric Clapton,Eric Clapton - No Alibis,Rock,,approve,ID3 tag confirmed via batch review
2219,Eric Clapton,Eric Clapton - Pretending,Rock,,approve,ID3 tag confirmed via batch review
2220,Europe,Europe - The Final Countdown,Rock,,approve,ID3 tag confirmed via batch review
2221,Faith No More,Faith No More - Epic,Rock,,approve,ID3 tag confirmed via batch review
2222,Falco,Falco - Rock Me Amadeus,Rock,,approve,ID3 tag confirmed via batch review
2223,Five Finger Death Punch,Five Finger Death Punch - Blue On Black,Metal,,approve,ID3 tag confirmed via batch review
2226,Five Finger Death Punch,Five Finger Death Punch - Darkness Settles In,Metal,,approve,ID3 tag confirmed via batch review
2227,Five Finger Death Punch,Five Finger Death Punch - Gone Away,Metal,,approve,ID3 tag confirmed via batch review
2228,Five Finger Death Punch,Five Finger Death Punch - Hell To Pay,Rock,,approve,ID3 tag confirmed via batch review
2229,Five Finger Death Punch,Five Finger Death Punch - I Apologize,Metal,,approve,ID3 tag confirmed via batch review
2230,Five Finger Death Punch,Five Finger Death Punch - Lift Me Up,Rock,,approve,ID3 tag confirmed via batch review
2231,Five Finger Death Punch,Five Finger Death Punch - Living The Dream,Metal,,approve,ID3 tag confirmed via batch review
2234,Five Finger Death Punch,Five Finger Death Punch - The Tragic Truth,Metal,,approve,ID3 tag confirmed via batch review
2235,Five Finger Death Punch,Five Finger Death Punch - To Be Alone,Metal,,approve,ID3 tag confirmed via batch review
2236,Five Finger Death Punch,Five Finger Death Punch - Trouble,Metal,,approve,ID3 tag confirmed via batch review
2237,Five Finger Death Punch,Five Finger Death Punch - Wash It All Away,Rock,,approve,ID3 tag confirmed via batch review
2238,Five Finger Death Punch,Five Finger Death Punch - When the Seasons Change,Metal,,approve,ID3 tag confirmed via batch review
2239,Five Finger Death Punch,Five Finger Death Punch - Wrong Side Of Heaven,Rock,,approve,ID3 tag confirmed via batch review
2240,Fleetwood Mac,Fleetwood Mac - The Chain ,Rock,,approve,ID3 tag confirmed via batch review
2241,Florida Georgia Line,Florida Georgia Line - Stay,Country,,approve,ID3 tag confirmed via batch review
2242,Foo Fighters,Foo Fighters - Best Of You,Rock,Alternative,approve,ID3 tag confirmed via batch review
2243,Foo Fighters,Foo Fighters - Learn To Fly,Rock,,approve,ID3 tag confirmed via batch review
2244,Foo Fighters,Foo Fighters - My Hero,Rock,Alternative,approve,ID3 tag confirmed via batch review
2245,Foreigner,Foreigner - Cold As Ice,Rock,,approve,ID3 tag confirmed via batch review
2246,Foreigner,Foreigner - Double Vision,Rock,,approve,ID3 tag confirmed via batch review
2247,Foreigner,Foreigner - Head Games,Rock,,approve,ID3 tag confirmed via batch review
2248,Foreigner,Foreigner - Jukebox Hero,Rock,,approve,ID3 tag confirmed via batch review
2249,Foreigner,Foreigner - That Was Yesterday,Rock,,approve,ID3 tag confirmed via batch review
2250,Foreigner,Foreigner - Urgent,Rock,,approve,ID3 tag confirmed via batch review
2251,Fozzy,Fozzy - Painless,Metal,,approve,ID3 tag confirmed via batch review
2252,Frank Foster,Frank Foster - Have A Few More,Country,,approve,ID3 tag confirmed via batch review
2253,Frank Foster,Frank Foster - Til Im Gone,Country,,approve,ID3 tag confirmed via batch review
2255,Garth Brooks,Garth Brooks - Ain't Going Down,Country,,approve,ID3 tag confirmed via batch review
2256,Garth Brooks,Garth Brooks - American Honky-Tonk Bar Association,Country,,approve,ID3 tag confirmed via batch review
2257,Garth Brooks,Garth Brooks - Beer Run,Country,,approve,ID3 tag confirmed via batch review
2258,Garth Brooks,Garth Brooks - Callin' Baton Rouge,Country,,approve,ID3 tag confirmed via batch review
2260,Garth Brooks,Garth Brooks - Friends in Low Places,Country,,approve,ID3 tag confirmed via batch review
2261,Garth Brooks,Garth Brooks - If Tomorrow Never Comes,Country,,approve,ID3 tag confirmed via batch review
2262,Garth Brooks,Garth Brooks - Longneck Bottle,Country,,approve,ID3 tag confirmed via batch review
2263,Garth Brooks,Garth Brooks - Papa Loved Mama,Country,,approve,ID3 tag confirmed via batch review
2264,Garth Brooks,Garth Brooks - Rodeo,Country,,approve,ID3 tag confirmed via batch review
2265,Garth Brooks,Garth Brooks - Shameless,Country,,approve,ID3 tag confirmed via batch review
2266,Garth Brooks,Garth Brooks - Standing Outside The Fire,Country,,approve,ID3 tag confirmed via batch review
2267,Garth Brooks,Garth Brooks - That Summer,Country,,approve,ID3 tag confirmed via batch review
2268,Garth Brooks,Garth Brooks - The Beaches of Cheyenne,Country,,approve,ID3 tag confirmed via batch review
2269,Garth Brooks,Garth Brooks - The Dance,Country,,approve,ID3 tag confirmed via batch review
2270,Garth Brooks,Garth Brooks - The River,Country,,approve,ID3 tag confirmed via batch review
2271,Garth Brooks,Garth Brooks - The Thunder Rolls,Country,,approve,ID3 tag confirmed via batch review
2272,Garth Brooks,"Garth Brooks - Two of a Kind, Workin' on a Full House",Country,,approve,ID3 tag confirmed via batch review
2273,Garth Brooks,Garth Brooks - Two Piña Coladas,Country,,approve,ID3 tag confirmed via batch review
2274,Garth Brooks,Garth Brooks - Unanswered Prayers,Country,,approve,ID3 tag confirmed via batch review
2275,Garth Brooks,Garth Brooks - We Shall Be Free,Country,,approve,ID3 tag confirmed via batch review
2276,Garth Brooks,Garth Brooks - What She's Doing Now,Country,,approve,ID3 tag confirmed via batch review
2277,Gary Numan,Gary Numan - Cars,Rock,Alternative,approve,ID3 tag confirmed via batch review
2278,George Strait,Geogre Strait  - Blue Clear Sky,Country,,approve,ID3 tag confirmed via batch review
2279,George Strait,Geogre Strait - Carrying Your Love With Me,Country,,approve,ID3 tag confirmed via batch review
2280,George Strait,George Strait - Adalida,Country,,approve,ID3 tag confirmed via batch review
2281,George Strait,George Strait - Heartland,Country,,approve,ID3 tag confirmed via batch review
2282,George Strait,George Strait - Lovebug,Country,,approve,ID3 tag confirmed via batch review
2283,George Strait,George Strait - Ocean Front Property,Country,,approve,ID3 tag confirmed via batch review
2284,George Strait,George Strait - The Fireman  ,Country,,approve,ID3 tag confirmed via batch review
2287,Giant,Giant - Never Die Young,Rock,,approve,ID3 tag confirmed via batch review
2288,Girish And The Chronicles,Girish And The Chronicles - Bad Shepard,Rock,Classic Rock,approve,ID3 tag confirmed via batch review
2290,Girish And The Chronicles,Girish And The Chronicles - Idenity Crisis,Rock,Classic Rock,approve,ID3 tag confirmed via batch review
2293,Godsmack,Godsmack - Bulletproof,Rock,,approve,ID3 tag confirmed via batch review
2294,Golden Earring,Golden Earring - Twilight Zone,Rock,,approve,ID3 tag confirmed via batch review
2295,Great White,Great White - Once Bitten Twice Shy,Rock,,approve,ID3 tag confirmed via batch review
2296,Green Day,Green Day - Know Your Enemy,Rock,Alternative,approve,ID3 tag confirmed via batch review
2297,Television's Greatest Hits Band,Greg Kihn Band - Jeopardy,Soundtrack,,approve,ID3 tag confirmed via batch review
2298,Guns N' Roses,Guns N Roses - Sweet Child O Mine,Rock,,approve,ID3 tag confirmed via batch review
2299,Hal Ketchum,Hal Ketchum - Small Town Saturday Night,Country,,approve,ID3 tag confirmed via batch review
2300,Halestorm,Halestorm - Wicked Ways,Rock,Classic Rock,approve,ID3 tag confirmed via batch review
2301,"Hank Williams, Jr.",Hank Williams Jr - Country Boy Can Survive,Country,,approve,ID3 tag confirmed via batch review
2302,"Hank Williams, Jr.",Hank Williams Jr - Family Tradition,Country,,approve,ID3 tag confirmed via batch review
2303,Heart,Heart - Barracuda,Rock,,approve,ID3 tag confirmed via batch review
2304,3 Doors Down,Here Without You - Doors Down,Rock,,approve,ID3 tag confirmed via batch review
2305,Travis Tritt,Here's A Quarter - Travis Tritt,Country,,approve,ID3 tag confirmed via batch review
2306,Hootie & The Blowfish,Hootie & The Blowfish - Hold My Hand,Rock,Alternative,approve,ID3 tag confirmed via batch review
2307,Hootie & The Blowfish,Hootie & The Blowfish - Let Her Cry,Pop,,approve,ID3 tag confirmed via batch review
2308,Hootie & The Blowfish,Hootie & The Blowfish - Only Wanna Be With You,Pop,,approve,ID3 tag confirmed via batch review
2310,Huey Lewis & The News,Huey Lewis And The News - Heart And Soul,Rock,,approve,ID3 tag confirmed via batch review
2311,Huey Lewis & The News,Huey Lewis and The News - I Want a New Drug,Rock,,approve,ID3 tag confirmed via batch review
2312,Huey Lewis & The News,Huey Lewis And The News - The Heart Of Rock & Roll,Rock,,approve,ID3 tag confirmed via batch review
2313,Imagine Dragons,Imagine Dragons - Believer,Rock,Alternative,approve,ID3 tag confirmed via batch review
2314,Imagine Dragons,Imagine Dragons - Demons,Rock,Alternative,approve,ID3 tag confirmed via batch review
2315,Imagine Dragons,Imagine Dragons - Natural,Rock,Alternative,approve,ID3 tag confirmed via batch review
2316,Imagine Dragons,Imagine Dragons - Thunder,Rock,Alternative,approve,ID3 tag confirmed via batch review
2317,Imagine Dragons,Imagine Dragons - Whatever It Takes,Rock,Alternative,approve,ID3 tag confirmed via batch review
2318,Ini Kamoze,Ini Kamoze - Here Comes the Hotstepper,R&B,,approve,ID3 tag confirmed via batch review
2319,Iron Maiden,Iron Maiden - Wasted Years ,Metal,,approve,ID3 tag confirmed via batch review
2320,Jake Owen,Jake Owen - Eight Second Ride,Country,,approve,ID3 tag confirmed via batch review
2321,Jason Aldean,Jason Aldean - A Little More Summertime,Country,,approve,ID3 tag confirmed via batch review
2322,Jason Aldean,Jason Aldean - Amarillo Sky,Country,,approve,ID3 tag confirmed via batch review
2323,Jason Aldean,Jason Aldean - Any Ol' Barstool,Country,,approve,ID3 tag confirmed via batch review
2324,Jason Aldean,Jason Aldean - Girl Like You,Country,,approve,ID3 tag confirmed via batch review
2325,Jason Aldean,Jason Aldean - Gonna Know We Were Here,Country,,approve,ID3 tag confirmed via batch review
2326,Jason Aldean,Jason Aldean - Hicktown,Country,,approve,ID3 tag confirmed via batch review
2327,Jason Aldean,Jason Aldean - Johnny Cash,Country,,approve,ID3 tag confirmed via batch review
2328,Jason Aldean,Jason Aldean - Lights Come On,Country,,approve,ID3 tag confirmed via batch review
2329,Jason Aldean,Jason Aldean - Night Train,Country,,approve,ID3 tag confirmed via batch review
2330,Jason Aldean,Jason Aldean - Relentless,Country,,approve,ID3 tag confirmed via batch review
2331,Jason Aldean,Jason Aldean - She's Country,Country,,approve,ID3 tag confirmed via batch review
2332,Jason Aldean,Jason Aldean - Take a Little Ride,Pop,,approve,ID3 tag confirmed via batch review
2333,Jason Aldean,Jason Aldean - The Truth,Country,,approve,ID3 tag confirmed via batch review
2334,Jason Aldean,Jason Aldean - We Back,Country,,approve,ID3 tag confirmed via batch review
2335,Jawga Boyz,Jawga Boys - Welcome 2 Jawga,Hip-Hop,,approve,ID3 tag confirmed via batch review
2339,Jd Crutch,Jd Crutch - Bente Uno Yo' Gi Presu,Pop,,approve,ID3 tag confirmed via batch review
2341,Jelly Roll,Jelly Roll  - Train Tracks,Hip-Hop,,approve,ID3 tag confirmed via batch review
2342,Jelly Roll & Struggle Jennings,Jelly Roll & Struggle Jennings - Enemy,Hip-Hop,,approve,ID3 tag confirmed via batch review
2343,Jelly Roll,Jelly Roll - Creature,Hip-Hop,,approve,ID3 tag confirmed via batch review
2347,Joe Diffie,Joe Diffie - John Deere Green,Country,,approve,ID3 tag confirmed via batch review
2348,Joe Diffie,Joe Diffie - Pickup Man,Country,,approve,ID3 tag confirmed via batch review
2349,Joe Diffie,Joe Diffie - Prop Me Up Beside the Jukebox,Country,,approve,ID3 tag confirmed via batch review
2350,Joe Diffie,Joe Diffie - Third Rock From The Sun,Country,,approve,ID3 tag confirmed via batch review
2351,Joe Nichols,Joe Nichols - Tequila Makes Her Clothes Fall Off ,Country,,approve,ID3 tag confirmed via batch review
2352,Joe Walsh,Joe Walsh - Life's Been Good,Rock,,approve,ID3 tag confirmed via batch review
2353,Joe Walsh,Joe Walsh - Rocky Mountain Way,Rock,,approve,ID3 tag confirmed via batch review
2354,Jonathan Parker,Johathan  Parker - How 'Bout That,Country,,approve,ID3 tag confirmed via batch review
2355,Jonathan Parker,Johathan Parker - Hard Time Blues,Country,,approve,ID3 tag confirmed via batch review
2356,Jonathan Parker & The Belairs,Johathan Parker - They'll Never Play My Songs in Nashville,Country,,approve,ID3 tag confirmed via batch review
2357,John Cougar,John Cougar - Hurts So Good,Rock,,approve,ID3 tag confirmed via batch review
2358,John Mellencamp,John Cougar - Jack and Diane,Rock,,approve,ID3 tag confirmed via batch review
2359,John Fogerty,John Fogerty - Centerfield,Rock,,approve,ID3 tag confirmed via batch review
2360,John Mellencamp,John Mellencamp - Small Town,Rock,,approve,ID3 tag confirmed via batch review
2361,John Michael Montgomery,John Michael Montgomery - Be My Baby Tonight,Country,,approve,ID3 tag confirmed via batch review
2362,John Michael Montgomery,John Michael Montgomery - Beer and Bones,Country,,approve,ID3 tag confirmed via batch review
2363,John Michael Montgomery,John Michael Montgomery - Life's a Dance,Country,,approve,ID3 tag confirmed via batch review
2364,John Michael Montgomery,John Michael Montgomery - Sold,Country,,approve,ID3 tag confirmed via batch review
2365,Johnny Cash,Johnny Cash - A Boy Named Sue,Country,,approve,ID3 tag confirmed via batch review
2366,Jonathan Parker,Jonathan Parker - Long Gone,Country,,approve,ID3 tag confirmed via batch review
2368,Journey,Journey - Any Way You Want It,Rock,,approve,ID3 tag confirmed via batch review
2369,Journey,Journey - Don't Stop Believin,Rock,,approve,ID3 tag confirmed via batch review
2370,Journey,Journey - Faithfully,Rock,,approve,ID3 tag confirmed via batch review
2371,Journey,Journey - Only the Young,Rock,,approve,ID3 tag confirmed via batch review
2372,Journey,Journey - Separate Ways Worlds Apart,Rock,,approve,ID3 tag confirmed via batch review
2373,Journey,Journey - Stone In Love,Rock,,approve,ID3 tag confirmed via batch review
2374,Journey,Journey - Wheel in the Sky,Rock,,approve,ID3 tag confirmed via batch review
2375,Journey,Journey - Who's Crying Now,Rock,,approve,ID3 tag confirmed via batch review
2376,Judas Priest,Judas Priest - Turbo Lover,Metal,,approve,ID3 tag confirmed via batch review
2378,Justin Moore,Justin Moore - Bait A Hook,Country,,approve,ID3 tag confirmed via batch review
2379,Justin Moore,Justin Moore - The Ones That Didn’t Make It Back Home,Country,,approve,ID3 tag confirmed via batch review
2380,Kane Brown,Kane Brown - Lose It,Country,,approve,ID3 tag confirmed via batch review
2381,Kansas,Kansas - Carry on my Wayward son,Rock,,approve,ID3 tag confirmed via batch review
2382,Kapena,Kapena - Don't Say Goodbye ,World,,approve,ID3 tag confirmed via batch review
2384,Kenny Chesney & Uncle Kracker,Kenny Chesney & Uncle Kracker - When the Sun Goes Down,Country,,approve,ID3 tag confirmed via batch review
2385,Kenny Chesney & Uncle Kracker,Kenny Chesney - When the Sun Goes Down,Country,,approve,ID3 tag confirmed via batch review
2386,Kid Rock,Kid Rock - All Summer Long,Rock,,approve,ID3 tag confirmed via batch review
2387,Kid Rock,Kid Rock - American Bad Ass,Rock,,approve,ID3 tag confirmed via batch review
2388,Kid Rock,Kid Rock - American Rock 'n Roll,Rock,Classic Rock,approve,ID3 tag confirmed via batch review
2389,Kid Rock,Kid Rock - Cowboy,Rock,,approve,ID3 tag confirmed via batch review
2390,Kid Rock,Kid Rock - First Kiss,Rock,,approve,ID3 tag confirmed via batch review
2391,Kid Rock,Kid Rock - Let_s Ride,Rock,Classic Rock,approve,ID3 tag confirmed via batch review
2393,Kid Rock,Kid Rock - Only God Knows Why,Rock,Classic Rock,approve,ID3 tag confirmed via batch review
2394,Kid Rock,Kid Rock - Picture,Rock,Classic Rock,approve,ID3 tag confirmed via batch review
2395,Kid Rock,Kid Rock - Stand The Pain,Country,,approve,ID3 tag confirmed via batch review
2396,Kid Rock,Kid Rock - Tennessee Mountain Top,Country,,approve,ID3 tag confirmed via batch review
2397,Kid Rock,Kid Rock - The Last Dance,Rock,,approve,ID3 tag confirmed via batch review
2398,Kings of Leon,Kings Of Leon - Sex on Fire,Rock,Alternative,approve,ID3 tag confirmed via batch review
2399,Kings of Leon,Kings Of Leon - Use Somebody,Rock,Alternative,approve,ID3 tag confirmed via batch review
2400,Kip Moore,Kip Moore - Somethin' Bout A Truck,Country,,approve,ID3 tag confirmed via batch review
2401,Kiss,Kiss - Heaven's On Fire,Rock,,approve,ID3 tag confirmed via batch review
2402,Kiss,Kiss - Lick It Up,Rock,Classic Rock,approve,ID3 tag confirmed via batch review
2405,Lee Brice,Lee Brice - One of Them Girls,Country,,approve,ID3 tag confirmed via batch review
2406,LEN,Len - Steal My Sunshine,Pop,,approve,ID3 tag confirmed via batch review
2408,Lita Ford,Lita Ford - Kiss Me Deadly,Rock,,approve,ID3 tag confirmed via batch review
2409,Little Big Town,Little Big Town - Boondocks,Country,,approve,ID3 tag confirmed via batch review
2410,Little River Band,Little River Band - Cool Change,Rock,,approve,ID3 tag confirmed via batch review
2411,Little River Band,Little River Band - Lonesome Loser,Rock,,approve,ID3 tag confirmed via batch review
2412,Little River Band,Little River Band - Man On Your Mind,Rock,,approve,ID3 tag confirmed via batch review
2413,Little Texas,Little Texas - God Blessed Texas,Country,,approve,ID3 tag confirmed via batch review
2414,Little Texas,Little Texas - Life Goes On,Country,,approve,ID3 tag confirmed via batch review
2415,Lonestar,Lonestar - When Cowboy's Didn't Dance,Country,,approve,ID3 tag confirmed via batch review
2416,The B-52's,Love Shack - The B-52's,Pop,,approve,ID3 tag confirmed via batch review
2418,Luke Bryan,Luke Bryan - All My Friends Say,Country,,approve,ID3 tag confirmed via batch review
2419,Luke Bryan,Luke Bryan - Country Man,Country,,approve,ID3 tag confirmed via batch review
2420,Luke Bryan,"Luke Bryan - Huntin', Fishin' And Lovin' Every Day",Country,,approve,ID3 tag confirmed via batch review
2421,Luke Bryan,Luke Bryan - Rain Is a Good Thing,Country,,approve,ID3 tag confirmed via batch review
2422,Luke Bryan,Luke Bryan - What Makes You Country,Country,,approve,ID3 tag confirmed via batch review
2423,Luke Combs,Luke Combs - When It Rains It Pours,Country,,approve,ID3 tag confirmed via batch review
2424,Luke Stricklin,Luke Stricklin - American By God's Amazing Grace,Country,,approve,ID3 tag confirmed via batch review
2425,Lynyrd Skynyrd,Lynyrd Skynyrd - Gimme Three Steps,Rock,,approve,ID3 tag confirmed via batch review
2427,Manfred Mann's Earth Band,Manfred Mann's Earth Band - Blinded By The Light,Rock,,approve,ID3 tag confirmed via batch review
2428,Manfred Mann's Earth Band,Manfred Mann's Earth Band - Runner,Rock,,approve,ID3 tag confirmed via batch review
2429,Mark Chesnutt,Mark Chesnutt - Goin' Through The Big D,Country,,approve,ID3 tag confirmed via batch review
2430,Mark Chesnutt,Mark Chestnut - It Sure Is Monday,Pop,,approve,ID3 tag confirmed via batch review
2431,Marty Stuart,Marty Stuart - Now That's Country,Country,,approve,ID3 tag confirmed via batch review
2432,Marty Stuart featuring Travis Tritt,Marty Stuart ft. Travis Tritt - This One's Gonna Hurt You ,Country,,approve,ID3 tag confirmed via batch review
2433,Matchbox Twenty,Matchbox Twenty - 3 AM,Pop,,approve,ID3 tag confirmed via batch review
2434,Meat Loaf,Meat Loaf - I'd Do Anything For Love,Rock,,approve,ID3 tag confirmed via batch review
2435,Meat Loaf,Meatloaf - Two Out Of Three Aint Bad ,Rock,,approve,ID3 tag confirmed via batch review
2436,Michael Ray,Michael Ray - Think A Little Less,Country,,approve,ID3 tag confirmed via batch review
2437,Mini Thin,Mini Thin - Redneck Life,Hip-Hop,,approve,ID3 tag confirmed via batch review
2438,Miranda Lambert,Miranda Lambert - Kerosene,Country,,approve,ID3 tag confirmed via batch review
2439,Molly Hatchet,Molly Hatchet - Flirtin' With Disaster,Rock,,approve,ID3 tag confirmed via batch review
2440,Molly Hatchet,Molly Hatchet - Satisfied Man,Rock,Classic Rock,approve,ID3 tag confirmed via batch review
2441,Molly Hatchet,Molly Hatchet - Whiskey Man,Rock,,approve,ID3 tag confirmed via batch review
2442,Montgomery Gentry,Montgomery Gentry - Better Me,Country,,approve,ID3 tag confirmed via batch review
2443,Montgomery Gentry,Montgomery Gentry - Daddy Won't Sell the Farm,Country,,approve,ID3 tag confirmed via batch review
2444,Montgomery Gentry,Montgomery Gentry - King of the World,Country,,approve,ID3 tag confirmed via batch review
2445,Montgomery Gentry,Montgomery Gentry - She Couldn't Change Me,Country,,approve,ID3 tag confirmed via batch review
2446,Montgomery Gentry,Montgomery Gentry - What Do Ya Think About That,Country,,approve,ID3 tag confirmed via batch review
2447,Montgomery Gentry,Montgomery Gentry - Where I Come From,Country,,approve,ID3 tag confirmed via batch review
2448,Moonshine Bandits,Moonshine Bandits - Dead Man's Hand,Country,,approve,ID3 tag confirmed via batch review
2449,Moonshine Bandits,Moonshine Bandits - I'm a HellRazor,Country,,approve,ID3 tag confirmed via batch review
2450,Mötley Crüe,Motley Crue - Wild Side,Rock,,approve,ID3 tag confirmed via batch review
2451,Garth Brooks,Much Too Young - Garth Brooks,Country,,approve,ID3 tag confirmed via batch review
2453,Mötley Crüe,Mötley Crüe - Dr  Feelgood ,Rock,Classic Rock,approve,ID3 tag confirmed via batch review
2454,Motley Crue,Mötley Crüe - Girls Girls Girls,Metal,,approve,ID3 tag confirmed via batch review
2455,Mötley Crüe,Mötley Crüe - Kickstart my Heart,Rock,Classic Rock,approve,ID3 tag confirmed via batch review
2456,Ned LeDoux,Ned LeDoux - Old Fashioned,Country,,approve,ID3 tag confirmed via batch review
2457,Nelly,Nelly - Country Grammar,Hip-Hop,,approve,ID3 tag confirmed via batch review
2459,Nickelback,Nickelback - How You Remind Me,Rock,,approve,ID3 tag confirmed via batch review
2460,Nickelback,Nickelback - Photograph,Rock,,approve,ID3 tag confirmed via batch review
2461,Nickelback,Nickelback - Rockstar,Rock,,approve,ID3 tag confirmed via batch review
2462,Nickelback,Nickelback - Someone That You're With,Rock,,approve,ID3 tag confirmed via batch review
2463,Nitty Gritty Dirt Band,Nitty Gritty Dirt Band - Fishin' In The Dark,Country,,approve,ID3 tag confirmed via batch review
2466,Overtime,Overtime - American Bloodline,Hip-Hop,,approve,ID3 tag confirmed via batch review
2467,Overtime & Bubba Sparxxx,OverTime - American Strong,Hip-Hop,,approve,ID3 tag confirmed via batch review
2469,Overtime,OverTime - Blue Collar,Hip-Hop,,approve,ID3 tag confirmed via batch review
2470,Overtime,OverTime - County Line,Hip-Hop,,approve,ID3 tag confirmed via batch review
2471,Overtime,OverTime - Divided We Fall,Hip-Hop,,approve,ID3 tag confirmed via batch review
2473,Overtime,OverTime - The Foundation,Hip-Hop,,approve,ID3 tag confirmed via batch review
2474,Lita Ford & Ozzy Osbourne,Ozzy Osbourne And Lita Ford - Close My Eyes Forever,Rock,Classic Rock,approve,ID3 tag confirmed via batch review
2475,Paperboy,Paperboy - Ditty,Hip-Hop,,approve,ID3 tag confirmed via batch review
2476,Patty Loveless,Patty Loveless - I Try To Think About Elvis,Country,,approve,ID3 tag confirmed via batch review
2477,Pearl Jam,Pearl Jam - Jeremy,Rock,Alternative,approve,ID3 tag confirmed via batch review
2478,Peyton Parrish,Peyton Parrish - Dane,Rock,,approve,ID3 tag confirmed via batch review
2479,Pink Floyd,Pink Floyd - Breathe ,Rock,,approve,ID3 tag confirmed via batch review
2480,Pink Floyd,Pink Floyd - Comfortably Numb,Rock,,approve,ID3 tag confirmed via batch review
2481,Pink Floyd,Pink Floyd - Hey You,Rock,,approve,ID3 tag confirmed via batch review
2483,Pink Floyd,Pink Floyd - Learning To Fly,Rock,,approve,ID3 tag confirmed via batch review
2484,Poison,Poison - Every Rose Has Its Thorn,Rock,Classic Rock,approve,ID3 tag confirmed via batch review
2486,Poison,Poison - Something To Believe In,Rock,Classic Rock,approve,ID3 tag confirmed via batch review
2487,Poison,Poison - Talk Dirty To Me,Rock,,approve,ID3 tag confirmed via batch review
2488,Pop Evil,Pop Evil - Boss's Daughter,Metal,,approve,ID3 tag confirmed via batch review
2489,Queen,Queen - Fat Bottomed Girls,Rock,,approve,ID3 tag confirmed via batch review
2490,Queen,Queen - Hammer to Fall,Rock,,approve,ID3 tag confirmed via batch review
2491,Queen,Queen - Headlong,Rock,,approve,ID3 tag confirmed via batch review
2492,Queen,Queen - I Want It All,Rock,,approve,ID3 tag confirmed via batch review
2493,Queen,Queen - One Vision,Rock,Classic Rock,approve,ID3 tag confirmed via batch review
2494,Queen,Queen - Seven Seas Of Rhye,Rock,,approve,ID3 tag confirmed via batch review
2495,Queen,Queen - Show Must Go On,Rock,,approve,ID3 tag confirmed via batch review
2496,Queensrÿche,Queensrÿche - Another Rainy Night,Rock,Classic Rock,approve,ID3 tag confirmed via batch review
2497,Queensrÿche,Queensrÿche - Empire,Rock,,approve,ID3 tag confirmed via batch review
2498,Quiet Riot,Quiet Riot - Cum On Feel The Noise,Rock,,approve,ID3 tag confirmed via batch review
2499,Adam Calhoun,Ramble On - Adam Calhoun,Hip-Hop,,approve,ID3 tag confirmed via batch review
2500,Randy Houser,Randy Houser - We Went,Country,,approve,ID3 tag confirmed via batch review
2501,Randy Houser,Randy Houser - Whistlin' Dixie,Country,,approve,ID3 tag confirmed via batch review
2502,Rascal Flatts,Rascal Flatts - Fast Cars and Freedom,Country,,approve,ID3 tag confirmed via batch review
2503,Ratt,Ratt - Round And Round,Rock,,approve,ID3 tag confirmed via batch review
2504,Mic Manik,Redneck Remix - Mic Manik,Hip-Hop,,approve,ID3 tag confirmed via batch review
2505,REO Speedwagon,Reo Speedwagon - Roll With The Changes,Rock,,approve,ID3 tag confirmed via batch review
2506,REO Speedwagon,REO Speedwagon - Take It On The Run,Rock,,approve,ID3 tag confirmed via batch review
2507,REO Speedwagon,REO Speedwagon - Time for Me to Fly,Rock,,approve,ID3 tag confirmed via batch review
2508,Rhett Akins,Rhett Atkins - That Ain't My Truck,Country,,approve,ID3 tag confirmed via batch review
2509,Rick Trevino,Rick Trevino - Bobbie Ann Mason,Country,,approve,ID3 tag confirmed via batch review
2510,Rick Trevino,Rick Trevino - Just Enough Rope,Country,,approve,ID3 tag confirmed via batch review
2512,Rick Trevino,Rick Trevino - Running out of Reasons to Run,Country,,approve,ID3 tag confirmed via batch review
2513,Ricochet,Ricochet - Daddy's Money,Country,,approve,ID3 tag confirmed via batch review
2518,Robin Thicke,Robin Thick - Blurred Lines,Pop,,approve,ID3 tag confirmed via batch review
2519,Rodney Atkins,Rodney Atkins - Cleaning This Gun,Country,,approve,ID3 tag confirmed via batch review
2520,Rodney Atkins,Rodney Atkins - Farmer's Daughter,Country,,approve,ID3 tag confirmed via batch review
2521,Rodney Atkins,Rodney Atkins - If You're Going Through Hell,Country,,approve,ID3 tag confirmed via batch review
2522,Rodney Atkins,Rodney Atkins - Take A Back Road,Country,,approve,ID3 tag confirmed via batch review
2523,Roxette,Roxette - Joyride,Pop,,approve,ID3 tag confirmed via batch review
2524,Roxette,Roxette - Shes Got The Look,Rock,,approve,ID3 tag confirmed via batch review
2526,Rust n' Rage,Rust n Rage - Prisoner,Rock,Classic Rock,approve,ID3 tag confirmed via batch review
2527,Upchurch,Ryan Upchurch - Black Sheep,Country,,approve,ID3 tag confirmed via batch review
2528,Upchurch,Ryan Upchurch - Cowboy Movies,Country,,approve,ID3 tag confirmed via batch review
2530,Upchurch,Ryan Upchurch - Love Her Again,Country,,approve,ID3 tag confirmed via batch review
2531,Upchurch,Ryan Upchurch - Real Country,Country,,approve,ID3 tag confirmed via batch review
2532,Upchurch,Ryan Upchurch - Same Ol Same Ol,Country,,approve,ID3 tag confirmed via batch review
2533,Sammy Hagar,Sammy Hagar - I Can't Drive 55,Rock,Classic Rock,approve,ID3 tag confirmed via batch review
2534,Sammy Johnson,Sammy Johnson - Don't Say Goodbye,Reggae,,approve,ID3 tag confirmed via batch review
2535,Sammy Kershaw,Sammy Kershaw - Queen Of My Double Wide Trailer,Country,,approve,ID3 tag confirmed via batch review
2536,Sammy Kershaw,Sammy Kershaw - Third Rate Romance,Country,,approve,ID3 tag confirmed via batch review
2537,Sara Evans,Sara Evans - Suds In The Bucket,Country,,approve,ID3 tag confirmed via batch review
2538,Tom MacDonald,Save A Life - Tom MacDonald,Hip-Hop,,approve,ID3 tag confirmed via batch review
2539,Sawyer Brown,Sawyer Brown - Hard to Say ,Country,,approve,ID3 tag confirmed via batch review
2540,Sawyer Brown,Sawyer Brown - Some Girls Do,Country,,approve,ID3 tag confirmed via batch review
2541,Sawyer Brown,Sawyer Brown - Thank God For You ,Country,,approve,ID3 tag confirmed via batch review
2542,Sawyer Brown,Sawyer Brown - Thank God For You,Country,,approve,ID3 tag confirmed via batch review
2543,Sawyer Brown,Sawyer Brown - The Race Is On,Country,,approve,ID3 tag confirmed via batch review
2544,Sawyer Brown,Sawyer Brown - This Thing Called Wantin' and Havin' It All,Country,,approve,ID3 tag confirmed via batch review
2545,Scorpions,Scorpions - Rock You Like A Hurricane,Rock,,approve,ID3 tag confirmed via batch review
2547,Shinedown,Second Chance - Shinedown,Rock,,approve,ID3 tag confirmed via batch review
2548,Tom MacDonald,See God - Tom MacDonald,Hip-Hop,,approve,ID3 tag confirmed via batch review
2549,Sevendust,Sevendust - Not Original,Rock,,approve,ID3 tag confirmed via batch review
2550,Shaggy,Shaggy - Angel,World,,approve,ID3 tag confirmed via batch review
2551,Shaggy,Shaggy - It Wasn't Me,Reggae,,approve,ID3 tag confirmed via batch review
2552,Shaggy,Shaggy - Strength Of A Woman,Reggae,,approve,ID3 tag confirmed via batch review
2553,Shaman's Harvest,Shaman Harvest - Dragonfly,Rock,Classic Rock,approve,ID3 tag confirmed via batch review
2554,Jim Johnston,Shamans Harvest - Broken Dreams,Rock,Classic Rock,approve,ID3 tag confirmed via batch review
2555,Shinedown,Shinedown - Cut The Cord,Rock,,approve,ID3 tag confirmed via batch review
2556,Shinedown,Shinedown - Dead Don_t Die,Rock,,approve,ID3 tag confirmed via batch review
2557,Shinedown,Shinedown - Enemies,Rock,,approve,ID3 tag confirmed via batch review
2558,Shinedown,Shinedown - Monsters,Rock,Classic Rock,approve,ID3 tag confirmed via batch review
2560,Shinedown,Shinedown - Simple Man,Rock,,approve,ID3 tag confirmed via batch review
2561,Shinedown,Shinedown - Sound of Madness,Rock,Classic Rock,approve,ID3 tag confirmed via batch review
2562,Shinedown,Shinedown - State Of My Head,Rock,,approve,ID3 tag confirmed via batch review
2564,Sons Of Apollo,Sons Of Apollo - Alive,Rock,,approve,ID3 tag confirmed via batch review
2565,Soundgarden,Soundgarden - Black Hole Sun,Rock,,approve,ID3 tag confirmed via batch review
2566,Spin Doctors,Spin Doctors - Little Miss Can't Be Wrong,Rock,,approve,ID3 tag confirmed via batch review
2567,Spin Doctors,Spin Doctors - Two Princes,Rock,,approve,ID3 tag confirmed via batch review
2568,Steve Azar,Steve Azar - I Don't Have To Be Me Till Monday ,Country,,approve,ID3 tag confirmed via batch review
2569,Steve Miller Band,Steve Miller Band - Jet Airliner,Rock,,approve,ID3 tag confirmed via batch review
2570,Steve Miller Band,Steve Miller Band - Jungle Love,Rock,,approve,ID3 tag confirmed via batch review
2571,Steve Miller Band,Steve Miller Band - Rock'n Me,Rock,,approve,ID3 tag confirmed via batch review
2572,Tom MacDonald,Still Me - Tom MacDonald,Hip-Hop,,approve,ID3 tag confirmed via batch review
2573,Tom MacDonald,Still The One - Tom MacDonald,Hip-Hop,,approve,ID3 tag confirmed via batch review
2574,Styx,Styx - Blue Collar Man,Rock,,approve,ID3 tag confirmed via batch review
2575,Styx,Styx - Come Sail Away,Rock,,approve,ID3 tag confirmed via batch review
2576,Styx,Styx - Renegade,Rock,,approve,ID3 tag confirmed via batch review
2577,Styx,Styx - Too Much Time On My Hands,Rock,,approve,ID3 tag confirmed via batch review
2578,Sugar Ray,Sugar Ray - Every Morning,Rock,,approve,ID3 tag confirmed via batch review
2579,Pickin' On Series,Sugarland - Down In Mississippi,Country,Bluegrass,approve,ID3 tag confirmed via batch review
2580,Supertramp,SuperTramp - The Logical Song,Rock,,approve,ID3 tag confirmed via batch review
2581,T-Pain,T Pain - Bartender_,Hip-Hop,,approve,ID3 tag confirmed via batch review
2583,The J. Geils Band,The J. Geils Band - Centerfold,Rock,,approve,ID3 tag confirmed via batch review
2584,The J. Geils Band,The J. Geils Band - Freeze Frame,Rock,,approve,ID3 tag confirmed via batch review
2585,The Kentucky Headhunters,The Kentucky Headhunters - Dumas Walker,Country,,approve,ID3 tag confirmed via batch review
2590,Tom MacDonald,The Machine - Tom MacDonald,Hip-Hop,,approve,ID3 tag confirmed via batch review
2591,The Rolling Stones,The Rolling Stones - Start Me Up,Rock,,approve,ID3 tag confirmed via batch review
2592,The Rolling Stones,The Rolling Stones - Sympathy For The Devil,Rock,,approve,ID3 tag confirmed via batch review
2593,Steve Miller Band,The Steve Miller Band - Take The Money And Run,Rock,,approve,ID3 tag confirmed via batch review
2594,Steve Miller Band,The Steve Miller Band - The Joker,Rock,,approve,ID3 tag confirmed via batch review
2595,Tom MacDonald,The System - Tom MacDonald,Hip-Hop,,approve,ID3 tag confirmed via batch review
2596,The Tractors,The Tractors - Baby Likes To Rock It,Country,,approve,ID3 tag confirmed via batch review
2599,Three Days Grace,Three Days Grace - I Am Machine,Rock,,approve,ID3 tag confirmed via batch review
2600,Tim McGraw,Tim Mcgraw - Indian Outlaw,Country,,approve,ID3 tag confirmed via batch review
2601,Tim McGraw,Tim McGraw - Refried Dreams,Country,,approve,ID3 tag confirmed via batch review
2602,Tim McGraw,Tim McGraw - Something Like That,Country,,approve,ID3 tag confirmed via batch review
2603,Tim McGraw,Tim Mcgraw - Where The Green Grass Grows,Country,,approve,ID3 tag confirmed via batch review
2605,Toby Keith,Toby Keith - A Few More Cowboys,Country,,approve,ID3 tag confirmed via batch review
2606,Toby Keith,Toby Keith - American Soldier,Country,,approve,ID3 tag confirmed via batch review
2607,Toby Keith,Toby Keith - As Good As I Once Was,Country,,approve,ID3 tag confirmed via batch review
2608,Toby Keith,Toby Keith - Beers Ago,Country,,approve,ID3 tag confirmed via batch review
2609,Toby Keith,Toby Keith - Big Ol' Truck,Country,,approve,ID3 tag confirmed via batch review
2610,Toby Keith,Toby Keith - How Do You Like Me Now,Country,,approve,ID3 tag confirmed via batch review
2611,Toby Keith,Toby Keith - I'm Just Talkin' About Tonight,Country,,approve,ID3 tag confirmed via batch review
2612,Toby Keith,Toby Keith - That's Country Bro,Country,,approve,ID3 tag confirmed via batch review
2613,Toby Keith,Toby Keith - Wacky Tobaccy,Country,,approve,ID3 tag confirmed via batch review
2614,Toby Keith,Toby Keith - Wish I Didn't Know Now,Country,,approve,ID3 tag confirmed via batch review
2615,Toby Keith,Toby Keith - You Ain't Much Fun,Country,,approve,ID3 tag confirmed via batch review
2616,Toby Keith,Toby Kieth - A Little Less Talk and a Lot More Action,Country,,approve,ID3 tag confirmed via batch review
2617,Toby Keith & Willie Nelson,Toby Kieth - Beer For My Horses,Country,,approve,ID3 tag confirmed via batch review
2618,Toby Keith,Toby Kieth - My List,Country,,approve,ID3 tag confirmed via batch review
2619,Toby Keith,Toby Kieth - Who's Your Daddy,Country,,approve,ID3 tag confirmed via batch review
2620,Tom MacDonald & Adam Calhoun,Tom MacDonald  Adam Calhoun - Whiteboz,Hip-Hop,,approve,ID3 tag confirmed via batch review
2621,Tom MacDonald & Adam Calhoun,Tom MacDonald & Adam Calhoun - Whiteboyz,Hip-Hop,,approve,ID3 tag confirmed via batch review
2622,"Tom MacDonald, Nova Rockafeller & Brandon Hart",Tom MacDonald & Brandon Hart ft. Nova Rockafeller - Chruch,Hip-Hop,,approve,ID3 tag confirmed via batch review
2624,Tom MacDonald,Tom MacDonald -  Buttholes,Hip-Hop,,approve,ID3 tag confirmed via batch review
2626,Tom MacDonald,Tom MacDonald - American Dreamz,Hip-Hop,,approve,ID3 tag confirmed via batch review
2629,Tom MacDonald,Tom MacDonald - Angels,Hip-Hop,,approve,ID3 tag confirmed via batch review
2631,Tom MacDonald,Tom MacDonald - Average Boy,Hip-Hop,,approve,ID3 tag confirmed via batch review
2633,Tom MacDonald,Tom MacDonald - Best Rapper Ever,Hip-Hop,,approve,ID3 tag confirmed via batch review
2634,Tom MacDonald,Tom MacDonald - Castles,Hip-Hop,,approve,ID3 tag confirmed via batch review
2635,Tom MacDonald & Madchild,Tom MacDonald - D.R.U.G,Hip-Hop,,approve,ID3 tag confirmed via batch review
2636,Tom MacDonald,Tom MacDonald - Dear Rappers,Hip-Hop,,approve,ID3 tag confirmed via batch review
2637,Tom MacDonald,Tom MacDonald - Dirty Money,Hip-Hop,,approve,ID3 tag confirmed via batch review
2638,Tom MacDonald,Tom MacDonald - End Of The World,Hip-Hop,,approve,ID3 tag confirmed via batch review
2639,Tom MacDonald,Tom MacDonald - Everybody Hates Me,Hip-Hop,,approve,ID3 tag confirmed via batch review
2640,Tom MacDonald,Tom Macdonald - Fake Fans,Hip-Hop,,approve,ID3 tag confirmed via batch review
2641,Tom MacDonald,Tom MacDonald - Fighter,Hip-Hop,,approve,ID3 tag confirmed via batch review
2642,Tom MacDonald,Tom MacDonald - Freedom's Not For Sale,Hip-Hop,,approve,ID3 tag confirmed via batch review
2643,Tom MacDonald,Tom MacDonald - Freedoms Not For Sale,Hip-Hop,,approve,ID3 tag confirmed via batch review
2645,Tom MacDonald,Tom MacDonald - Ghost,Pop,,approve,ID3 tag confirmed via batch review
2646,Tom MacDonald,Tom MacDonald - Gravestones,Hip-Hop,,approve,ID3 tag confirmed via batch review
2648,Tom MacDonald,Tom MacDonald - Hatred,Hip-Hop,,approve,ID3 tag confirmed via batch review
2649,Tom MacDonald,Tom MacDonald - Helluvit,Hip-Hop,,approve,ID3 tag confirmed via batch review
2652,Tom MacDonald,Tom MacDonald - I Dont Care,Hip-Hop,,approve,ID3 tag confirmed via batch review
2653,Tom MacDonald,Tom MacDonald - I Hate Hip Hop,Hip-Hop,,approve,ID3 tag confirmed via batch review
2654,Tom MacDonald,Tom MacDonald - I Wish,Hip-Hop,,approve,ID3 tag confirmed via batch review
2655,Tom MacDonald,Tom MacDonald - Im Corny,Hip-Hop,,approve,ID3 tag confirmed via batch review
2656,Tom MacDonald,Tom MacDonald - Im Sorry,Hip-Hop,,approve,ID3 tag confirmed via batch review
2657,Tom MacDonald,Tom MacDonald - Luck You,Hip-Hop,,approve,ID3 tag confirmed via batch review
2659,Tom MacDonald,Tom MacDonald - Money,Hip-Hop,,approve,ID3 tag confirmed via batch review
2660,Tom MacDonald,Tom MacDonald - My Fans,Hip-Hop,,approve,ID3 tag confirmed via batch review
2664,Tom MacDonald,Tom MacDonald - No Lives Matter,Hip-Hop,,approve,ID3 tag confirmed via batch review
2666,Tom MacDonald,Tom MacDonald - No Response,Hip-Hop,,approve,ID3 tag confirmed via batch review
2667,Tom MacDonald,Tom MacDonald - People So Stupid,Hip-Hop,,approve,ID3 tag confirmed via batch review
2668,Tom MacDonald,Tom MacDonald - Politically Incorrect,Hip-Hop,,approve,ID3 tag confirmed via batch review
2671,Tom MacDonald,Tom MacDonald - Riot,Hip-Hop,,approve,ID3 tag confirmed via batch review
2672,Tom MacDonald,Tom MacDonald - Save A Life,Hip-Hop,,approve,ID3 tag confirmed via batch review
2675,Tom MacDonald,Tom MacDonald - See God,Hip-Hop,,approve,ID3 tag confirmed via batch review
2676,Tom MacDonald,Tom MacDonald - Sellout,Hip-Hop,,approve,ID3 tag confirmed via batch review
2677,Tom MacDonald,Tom MacDonald - Sheeple,Hip-Hop,,approve,ID3 tag confirmed via batch review
2679,"Tom MacDonald, Madchild & Nova Rockafeller",Tom MacDonald - Sober,Hip-Hop,,approve,ID3 tag confirmed via batch review
2680,Tom MacDonald,Tom MacDonald - Still Me,Hip-Hop,,approve,ID3 tag confirmed via batch review
2681,Tom MacDonald,Tom MacDonald - Still The One,Hip-Hop,,approve,ID3 tag confirmed via batch review
2682,Tom MacDonald,Tom MacDonald - The Machine,Hip-Hop,,approve,ID3 tag confirmed via batch review
2683,Tom MacDonald,Tom MacDonald - The Music Industry,Hip-Hop,,approve,ID3 tag confirmed via batch review
2685,Tom MacDonald,Tom MacDonald - The System,Hip-Hop,,approve,ID3 tag confirmed via batch review
2687,Tom MacDonald,Tom MacDonald - This House,Hip-Hop,,approve,ID3 tag confirmed via batch review
2690,Tom MacDonald,Tom MacDonald - Trying To Kill Me,Hip-Hop,,approve,ID3 tag confirmed via batch review
2691,Tom MacDonald,Tom MacDonald - Underdogs,Hip-Hop,,approve,ID3 tag confirmed via batch review
2693,Tom MacDonald,Tom MacDonald - Way Off,Hip-Hop,,approve,ID3 tag confirmed via batch review
2694,These New Puritans,Tom Macdonald - We Want War,Rock,Alternative,approve,ID3 tag confirmed via batch review
2696,Tom MacDonald & Madchild,Tom MacDonald - White Trash,Hip-Hop,,approve,ID3 tag confirmed via batch review
2697,Tom MacDonald,Tom MacDonald - Wild Ones,Hip-Hop,,approve,ID3 tag confirmed via batch review
2698,Tom MacDonald,Tom MacDonald ft. DAX - Blame The Rappers,Hip-Hop,,approve,ID3 tag confirmed via batch review
2699,Tom MacDonald & Adam Calhoun,Tom Macdonald X Adam Calhoun - Free World,Hip-Hop,,approve,ID3 tag confirmed via batch review
2703,Tommy Vext,Tommy Vext - Take me to Church,Metal,,approve,ID3 tag confirmed via batch review
2704,Tommy Vext,Tommy Vext - The War You Wanted,Rock,,approve,ID3 tag confirmed via batch review
2705,Tommy Vext,Tommy Vext The Lone Wolf - Cancel the King,Rock,,approve,ID3 tag confirmed via batch review
2706,Tone-Loc,Tone Loc - Wild Thing,Hip-Hop,,approve,ID3 tag confirmed via batch review
2707,Toto,Toto - Hold The Line,Rock,,approve,ID3 tag confirmed via batch review
2710,Trace Adkins,Trace Adkins - Songs About Me,Country,,approve,ID3 tag confirmed via batch review
2711,Trace Adkins,Trace Adkins - Whoop A Man's Ass,Country,,approve,ID3 tag confirmed via batch review
2712,Tracy Byrd,Tracy Bryd - I'm From The Country,Country,,approve,ID3 tag confirmed via batch review
2713,Tracy Byrd,Tracy Byrd - All American Texan,Country,,approve,ID3 tag confirmed via batch review
2714,Tracy Byrd,Tracy Byrd - Don't Take Her She's All I Got,Country,,approve,ID3 tag confirmed via batch review
2715,Tracy Byrd,Tracy Byrd - Lifestyles Of The Not So Rich and Famous,Country,,approve,ID3 tag confirmed via batch review
2716,Tracy Byrd,Tracy Byrd - Ten Rounds With Jose Cuervo,Country,,approve,ID3 tag confirmed via batch review
2717,Tracy Byrd,Tracy Byrd - The Truth About Men,Country,,approve,ID3 tag confirmed via batch review
2718,Tracy Byrd,Tracy Byrd - Watermelon Crawl,Country,,approve,ID3 tag confirmed via batch review
2719,Tracy Lawrence,Tracy Lawrence - Find Out Who Your Friends Are,Country,,approve,ID3 tag confirmed via batch review
2720,Tracy Lawrence,Tracy Lawrence - If The Good Die Young,Country,,approve,ID3 tag confirmed via batch review
2721,Tracy Lawrence,Tracy Lawrence - Paint Me A Birmingham,Country,,approve,ID3 tag confirmed via batch review
2722,Tracy Lawrence,"Tracy Lawrence - Renegades, Rebels and Rogues",Country,,approve,ID3 tag confirmed via batch review
2723,Travis Tritt,Travis Tritt - Anymore,Country,,approve,ID3 tag confirmed via batch review
2724,Travis Tritt,Travis Tritt - Country Ain't Country,Country,,approve,ID3 tag confirmed via batch review
2725,Travis Tritt,Travis Tritt - Country Club,Country,,approve,ID3 tag confirmed via batch review
2726,Travis Tritt,Travis Tritt - Help Me Hold On,Country,,approve,ID3 tag confirmed via batch review
2727,Travis Tritt,Travis Tritt - It's a Great Day to be Alive,Country,,approve,ID3 tag confirmed via batch review
2728,Travis Tritt,Travis Tritt - Modern Day Bonnie and Clyde,Country,,approve,ID3 tag confirmed via batch review
2729,Travis Tritt,Travis Tritt - Put Some Drive in Your Country,Country,,approve,ID3 tag confirmed via batch review
2730,Travis Tritt,Travis Tritt - T-R-O-U-B-L-E,Country,,approve,ID3 tag confirmed via batch review
2731,Travis Tritt,Travis Tritt - Take It Easy,Country,,approve,ID3 tag confirmed via batch review
2732,Travis Tritt,Travis Tritt - Tell Me You Didnt Say Goodbye,Country,,approve,ID3 tag confirmed via batch review
2733,Travis Tritt,Travis Tritt - Ten Feet Tall And Bulletproof,Country,,approve,ID3 tag confirmed via batch review
2734,Travis Tritt,Travis Tritt - The Whiskey Ain't Workin' Anymore,Country,,approve,ID3 tag confirmed via batch review
2735,Travis Tritt,Travis Tritt - Where Corn Don't Grow,Pop,,approve,ID3 tag confirmed via batch review
2737,Ty Herndon,Ty Herndon - I Want My Goodbye Back,Rock,,approve,ID3 tag confirmed via batch review
2738,Ugly Kid Joe,Ugly Kid Joe - Everything About You,Rock,,approve,ID3 tag confirmed via batch review
2739,Uncle Kracker,Uncle Kracker - Drift Away,Rock,Alternative,approve,ID3 tag confirmed via batch review
2740,Uncle Kracker,Uncle Kracker - Good To Be Me,Pop,,approve,ID3 tag confirmed via batch review
2741,Demun Jones & Upchurch,Upchruch _ Demun Jones - An Outlaw's Song,Hip-Hop,,approve,ID3 tag confirmed via batch review
2742,Demun Jones,Upchurch  Demun Jones  - Campfire Cologne,Country,,approve,ID3 tag confirmed via batch review
2745,Van Halen,Van Halen - And The Cradle Will Rock,Rock,Classic Rock,approve,ID3 tag confirmed via batch review
2746,Van Halen,Van Halen - Dancing In The Streets,Rock,Classic Rock,approve,ID3 tag confirmed via batch review
2747,Van Halen,Van Halen - Hot For Teacher,Rock,Classic Rock,approve,ID3 tag confirmed via batch review
2748,Van Halen,Van Halen - Jump,Rock,,approve,ID3 tag confirmed via batch review
2749,Van Halen,Van Halen - Panama,Rock,,approve,ID3 tag confirmed via batch review
2750,Van Halen,Van Halen - Poundcake,Rock,Classic Rock,approve,ID3 tag confirmed via batch review
2751,Van Halen,Van Halen - Runnin' With The Devil,Soundtrack,,approve,ID3 tag confirmed via batch review
2752,Van Zant,Van Zant - Help Somebody,Rock,,approve,ID3 tag confirmed via batch review
2753,Van Zant,Van Zant - Nobody Gonna Tell Me What to Do,Rock,,approve,ID3 tag confirmed via batch review
2754,Van Zant,Van Zant - These Colors Dont Run,Country,,approve,ID3 tag confirmed via batch review
2755,Vince Gill,Vince Gill - One More Last Chance,Country,,approve,ID3 tag confirmed via batch review
2756,Vixen,Vixen - Edge Of A Broken Heart,Rock,,approve,ID3 tag confirmed via batch review
2757,Wade Hayes,Wade Hayes - Old Enough to Know Better,Rock,,approve,ID3 tag confirmed via batch review
2758,Donice Morace,Wd-40 And Duct Tape - Donice Morace,Country,,approve,ID3 tag confirmed via batch review
2762,Whiskey Myers,Whiskey Myers - Ballad of a Southern Man,Country,,approve,ID3 tag confirmed via batch review
2763,Whiskey Myers,Whiskey Myers - Gasoline,Rock,,approve,ID3 tag confirmed via batch review
2764,Whiskey Myers,Whiskey Myers - Guitar Picker,Country,,approve,ID3 tag confirmed via batch review
2765,Whiskey Myers,Whiskey Myers - Mud,Country,,approve,ID3 tag confirmed via batch review
2766,Whitesnake,WhiteSnake - Here I Go Again,Rock,,approve,ID3 tag confirmed via batch review
2767,Whitey Morgan and the 78's,Whitey Morgan - Sinner,Country,,approve,ID3 tag confirmed via batch review
2768,Tom MacDonald,Wild Ones - Tom MacDonald,Hip-Hop,,approve,ID3 tag confirmed via batch review
2769,Zac Brown Band,Zac Brown Band - Chicken Fried,Country,,approve,ID3 tag confirmed via batch review
2770,Zac Brown Band,Zac Brown Band - Heavy Is The Head,Country,,approve,ID3 tag confirmed via batch review
2772,ZZ Top,ZZ Top - Sharp Dressed Man,Rock,,approve,ID3 tag confirmed via batch review
2773,ZZ Top,ZZ Top - Sleeping Bag,Rock,,approve,ID3 tag confirmed via batch review
2774,Stick Figure,Stick Figure – ＂Angels Above Me＂ (Official Music Video),Reggae,,approve,ID3 tag confirmed via batch review
2775,3 Doors Down,3 Doors Down - Here Without You,Rock,Alternative,approve,ID3 tag confirmed via batch review
2776,3 Doors Down,3 Doors Down - Kryptonite,Rock,Alternative,approve,ID3 tag confirmed via batch review
2835,Stick Figure,Stick Figure – Angels Above Me,Reggae,,approve,ID3 tag confirmed via batch review
2838,Hopsin,Hopsin - Ill Mind of Hopsin 5,Hip-Hop,,approve,ID3 tag confirmed via batch review
2844,Donice Morace,Donice Morace - Wd-40 And Duct Tape,Country,,approve,ID3 tag confirmed via batch review
2845,Buddy Brown,Buddy Brown - Dirty Pictures,Country,,approve,ID3 tag confirmed via batch review
2846,Tommy Vext,Tommy Vext  - Cancel the King,Rock,,approve,ID3 tag confirmed via batch review
2848,Mic Manik,Mic Manik - Redneck Remix,Hip-Hop,,approve,ID3 tag confirmed via batch review
2849,Garth Brooks,Garth Brooks - Much Too Young,Country,,approve,ID3 tag confirmed via batch review
2850,Mötley Crüe,Motley Crue - Kickstart my Heart,Rock,Classic Rock,approve,ID3 tag confirmed via batch review
2851,Motley Crue,Motley Crue - Girls Girls Girls,Metal,,approve,ID3 tag confirmed via batch review
2852,Mötley Crüe,Motley Crue - Dr  Feelgood,Rock,Classic Rock,approve,ID3 tag confirmed via batch review
2853,Meat Loaf,Meatloaf - I'd Do Anything For Love,Rock,,approve,ID3 tag confirmed via batch review
2855,Kid Rock,Kid Rock - Let's Ride,Rock,Classic Rock,approve,ID3 tag confirmed via batch review
2857,Chad Mac,Chad Mac - Party In The Woods,Country,,approve,ID3 tag confirmed via batch review
2880,Shinedown,Shinedown - Second Chance,Rock,,approve,ID3 tag confirmed via batch review
