original_path,original_name,old_state,new_state,reason
"C:\Users\suppo\Downloads\New Music\Top1000_Motown\100 Greatest Motown Hits ｜ Oldies But Goodies from the 70s, 80s & 90s ｜ Soul & R&B Classics Playlist.mp3","100 Greatest Motown Hits ｜ Oldies But Goodies from the 70s, 80s & 90s ｜ Soul & R&B Classics Playlist.mp3",HELD_PROBLEMS,REVIEW_REQUIRED,"illegal chars fixable (sanitize works), conf=0.3"
"C:\Users\suppo\Downloads\New Music\Top1000_Motown\100 Greatest Motown Hits ｜ Oldies But Goodies from the 70s, 80s & 90s ｜ Soul & R&B Classics Playlist.temp.mp3","100 Greatest Motown Hits ｜ Oldies But Goodies from the 70s, 80s & 90s ｜ Soul & R&B Classics Playlist.temp.mp3",HELD_PROBLEMS,REVIEW_REQUIRED,"illegal chars fixable (sanitize works), conf=0.3"
C:\Users\suppo\Downloads\New Music\Top1000_HipHop\50 Cent - 21 Questions ft. Nate Dogg.mp3,50 Cent - 21 Questions ft. Nate Dogg.mp3,HELD_PROBLEMS,REVIEW_REQUIRED,"has collision but parseable (conf=1.0), needs dup resolution"
C:\Users\suppo\Downloads\New Music\Top1000_HipHop\60 seconds assassin Lyric on screen.mp3,60 seconds assassin Lyric on screen.mp3,HELD_PROBLEMS,REVIEW_REQUIRED,fallback parse but has Artist - Title format
C:\Users\suppo\Downloads\New Music\Top1000_HipHop\8ball & MJG Just Like Candy.mp3,8ball & MJG Just Like Candy.mp3,HELD_PROBLEMS,REVIEW_REQUIRED,fallback parse but has Artist - Title format
"C:\Users\suppo\Downloads\New Music\Top1000_HipHop\8BALL& MJG FRIEND OR FOE FT. E-40, MAC MALL,& BIG MIKE.mp3","8BALL& MJG FRIEND OR FOE FT. E-40, MAC MALL,& BIG MIKE.mp3",HELD_PROBLEMS,REVIEW_REQUIRED,fallback parse but has Artist - Title format
C:\Users\suppo\Downloads\New Music\Top1000_HipHop\A Roller Skating Jam Named ＂Saturdays＂.mp3,A Roller Skating Jam Named ＂Saturdays＂.mp3,HELD_PROBLEMS,REVIEW_REQUIRED,fallback parse but has Artist - Title format
C:\Users\suppo\Downloads\New Music\Top1000_HipHop\A Tribe Called Quest - Electric Relaxation.mp3,A Tribe Called Quest - Electric Relaxation.mp3,HELD_PROBLEMS,REVIEW_REQUIRED,"has collision but parseable (conf=1.0), needs dup resolution"
C:\Users\suppo\Downloads\New Music\Top1000_Disco\Aint No Stopping Us Now Mcfadden and Whitehead.mp3,Aint No Stopping Us Now Mcfadden and Whitehead.mp3,HELD_PROBLEMS,REVIEW_REQUIRED,fallback parse but has Artist - Title format
C:\Users\suppo\Downloads\New Music\Top1000_Club\Alan Walker - Sing Me To Sleep.mp3,Alan Walker - Sing Me To Sleep.mp3,HELD_PROBLEMS,REVIEW_REQUIRED,"has collision but parseable (conf=1.0), needs dup resolution"
C:\Users\suppo\Downloads\New Music\Top1000_Club\Alesso - I Wanna Know ft. Nico & Vinz.mp3,Alesso - I Wanna Know ft. Nico & Vinz.mp3,HELD_PROBLEMS,REVIEW_REQUIRED,"has collision but parseable (conf=1.0), needs dup resolution"
C:\Users\suppo\Downloads\New Music\Top1000_HipHop\All Eyez On Me.mp3,All Eyez On Me.mp3,HELD_PROBLEMS,REVIEW_REQUIRED,fallback parse but has Artist - Title format
C:\Users\suppo\Downloads\New Music\Top1000_Hard Rock_Metal\Among The Living-Anthrax.mp3,Among The Living-Anthrax.mp3,HELD_PROBLEMS,HELD_PROBLEMS,"no reliable parse (method=unknown, conf=0.0)"
C:\Users\suppo\Downloads\New Music\Top1000_Club\ANGERFIST MEGAMIX 2021 DJ IWO.mp3,ANGERFIST MEGAMIX 2021 DJ IWO.mp3,HELD_PROBLEMS,REVIEW_REQUIRED,fallback parse but has Artist - Title format
C:\Users\suppo\Downloads\New Music\Top1000_Hard Rock_Metal\Annihilator Alison Hell (Remastered Version).mp3,Annihilator Alison Hell (Remastered Version).mp3,HELD_PROBLEMS,HELD_PROBLEMS,"no reliable parse (method=unknown, conf=0.0)"
C:\Users\suppo\Downloads\New Music\Top1000_HipHop\Ante Up Remix.mp3,Ante Up Remix.mp3,HELD_PROBLEMS,HELD_PROBLEMS,"no reliable parse (method=unknown, conf=0.0)"
C:\Users\suppo\Downloads\New Music\Top1000\ARDN RUNNER UP.mp3,ARDN RUNNER UP.mp3,HELD_PROBLEMS,HELD_PROBLEMS,"no reliable parse (method=unknown, conf=0.0)"
C:\Users\suppo\Downloads\New Music\Top1000_Hard Rock_Metal\Arise.mp3,Arise.mp3,HELD_PROBLEMS,HELD_PROBLEMS,"no reliable parse (method=unknown, conf=0.0)"
C:\Users\suppo\Downloads\New Music\Top1000_Club\Axwell Λ Ingrosso - Thinking About You.mp3,Axwell Λ Ingrosso - Thinking About You.mp3,HELD_PROBLEMS,REVIEW_REQUIRED,"has collision but parseable (conf=1.0), needs dup resolution"
C:\Users\suppo\Downloads\New Music\Top1000_Southern Rock\BAD TO THE BONE.mp3,BAD TO THE BONE.mp3,HELD_PROBLEMS,REVIEW_REQUIRED,fallback parse but has Artist - Title format
C:\Users\suppo\Downloads\New Music\Top1000_HipHop\Beastie Boys-Paul Revere with lyrics.mp3,Beastie Boys-Paul Revere with lyrics.mp3,HELD_PROBLEMS,REVIEW_REQUIRED,fallback parse but has Artist - Title format
C:\Users\suppo\Downloads\New Music\Top1000_Classical\Beethovens 5th Symphony.mp3,Beethovens 5th Symphony.mp3,HELD_PROBLEMS,HELD_PROBLEMS,"no reliable parse (method=unknown, conf=0.0)"
C:\Users\suppo\Downloads\New Music\Top1000_Country\Believe.mp3,Believe.mp3,HELD_PROBLEMS,HELD_PROBLEMS,"no reliable parse (method=unknown, conf=0.0)"
"C:\Users\suppo\Downloads\New Music\Top1000_Motown\Best Motown Hits of All Time 🎶 Marvin Gaye, Smokey Robinson, James Brown ｜ Soul Legends Collection.mp3","Best Motown Hits of All Time 🎶 Marvin Gaye, Smokey Robinson, James Brown ｜ Soul Legends Collection.mp3",HELD_PROBLEMS,REVIEW_REQUIRED,"illegal chars fixable (sanitize works), conf=0.3"
C:\Users\suppo\Downloads\New Music\Top1000_Motown\Best of Motown Legends ｜ Classic Soul Oldies 70s 80s 90s ｜ Greatest Hits Playlist You’ll Love!.mp3,Best of Motown Legends ｜ Classic Soul Oldies 70s 80s 90s ｜ Greatest Hits Playlist You’ll Love!.mp3,HELD_PROBLEMS,REVIEW_REQUIRED,"illegal chars fixable (sanitize works), conf=0.3"
C:\Users\suppo\Downloads\New Music\Top1000_HipHop\Big L - Put It On.mp3,Big L - Put It On.mp3,HELD_PROBLEMS,REVIEW_REQUIRED,"has collision but parseable (conf=1.0), needs dup resolution"
C:\Users\suppo\Downloads\New Music\Top1000_HipHop\Big Pun - Still Not a Player ft. Joe.mp3,Big Pun - Still Not a Player ft. Joe.mp3,HELD_PROBLEMS,REVIEW_REQUIRED,"has collision but parseable (conf=1.0), needs dup resolution"
C:\Users\suppo\Downloads\New Music\Top1000_HipHop\Big Pun - Twinz (Deep Cover 98) ft. Fat Joe.mp3,Big Pun - Twinz (Deep Cover 98) ft. Fat Joe.mp3,HELD_PROBLEMS,REVIEW_REQUIRED,"has collision but parseable (conf=1.0), needs dup resolution"
C:\Users\suppo\Downloads\New Music\Top1000_HipHop\Big Pun - Twinz ft. Fat Joe.mp3,Big Pun - Twinz ft. Fat Joe.mp3,HELD_PROBLEMS,REVIEW_REQUIRED,"has collision but parseable (conf=1.0), needs dup resolution"
C:\Users\suppo\Downloads\New Music\Top1000_Country\Big Star Kenny Chesney with lyrics.mp3,Big Star Kenny Chesney with lyrics.mp3,HELD_PROBLEMS,REVIEW_REQUIRED,fallback parse but has Artist - Title format
C:\Users\suppo\Downloads\New Music\Top1000_Country\Biography ｜ Who is LBB ｜ Laura Bell Bundy.mp3,Biography ｜ Who is LBB ｜ Laura Bell Bundy.mp3,HELD_PROBLEMS,REVIEW_REQUIRED,"illegal chars fixable (sanitize works), conf=0.3"
C:\Users\suppo\Downloads\New Music\Top1000_Hard Rock_Metal\Black Dog (Remaster).mp3,Black Dog (Remaster).mp3,HELD_PROBLEMS,HELD_PROBLEMS,"no reliable parse (method=unknown, conf=0.0)"
C:\Users\suppo\Downloads\New Music\Top1000_Country\Brad Paisley-Mr Policeman with lyrics.mp3,Brad Paisley-Mr Policeman with lyrics.mp3,HELD_PROBLEMS,REVIEW_REQUIRED,fallback parse but has Artist - Title format
C:\Users\suppo\Downloads\New Music\Top1000_Country\Brad Paisleys Im Still A Guy.mp3,Brad Paisleys Im Still A Guy.mp3,HELD_PROBLEMS,REVIEW_REQUIRED,fallback parse but has Artist - Title format
C:\Users\suppo\Downloads\New Music\Top1000_HipHop\California Love by 2Pac ft. Dr. Dre ｜ Interscope.mp3,California Love by 2Pac ft. Dr. Dre ｜ Interscope.mp3,HELD_PROBLEMS,REVIEW_REQUIRED,"illegal chars fixable (sanitize works), conf=0.3"
C:\Users\suppo\Downloads\New Music\Top1000_Classical\Carol of the Bells aka The Ukranian Carol.mp3,Carol of the Bells aka The Ukranian Carol.mp3,HELD_PROBLEMS,REVIEW_REQUIRED,fallback parse but has Artist - Title format
C:\Users\suppo\Downloads\New Music\Top1000_Hard Rock_Metal\Caught In A Mosh.mp3,Caught In A Mosh.mp3,HELD_PROBLEMS,REVIEW_REQUIRED,fallback parse but has Artist - Title format
C:\Users\suppo\Downloads\New Music\Top1000\Celebrate ｜ African Style ｜ Peter Gabriels.mp3,Celebrate ｜ African Style ｜ Peter Gabriels.mp3,HELD_PROBLEMS,REVIEW_REQUIRED,"illegal chars fixable (sanitize works), conf=0.3"
C:\Users\suppo\Downloads\New Music\Top1000_Blues\Charles Brown Black Night.mp3,Charles Brown Black Night.mp3,HELD_PROBLEMS,REVIEW_REQUIRED,fallback parse but has Artist - Title format
C:\Users\suppo\Downloads\New Music\Top1000\Chavo ＂Tatum Jersey＂ Official Video.mp3,Chavo ＂Tatum Jersey＂ Official Video.mp3,HELD_PROBLEMS,HELD_PROBLEMS,"no reliable parse (method=unknown, conf=0.0)"
C:\Users\suppo\Downloads\New Music\Top1000\CHILL OUT COLOGNE ＂Time＂ official Video 4K.mp3,CHILL OUT COLOGNE ＂Time＂ official Video 4K.mp3,HELD_PROBLEMS,REVIEW_REQUIRED,fallback parse but has Artist - Title format
C:\Users\suppo\Downloads\New Music\Top1000_Country\Chris Janson - ＂Buy Me A Boat＂.mp3,Chris Janson - ＂Buy Me A Boat＂.mp3,HELD_PROBLEMS,HELD_PROBLEMS,collision + low confidence
C:\Users\suppo\Downloads\New Music\Top1000_Country\Chris Janson - ＂Power of Positive Drinkin＂.mp3,Chris Janson - ＂Power of Positive Drinkin＂.mp3,HELD_PROBLEMS,HELD_PROBLEMS,collision + low confidence
"C:\Users\suppo\Downloads\New Music\Top1000\Coke ＂All Hear＂ feat. L Haggood, Silence the 5th.mp3","Coke ＂All Hear＂ feat. L Haggood, Silence the 5th.mp3",HELD_PROBLEMS,REVIEW_REQUIRED,fallback parse but has Artist - Title format
C:\Users\suppo\Downloads\New Music\Top1000_Hard Rock_Metal\Communication Breakdown (Remaster).mp3,Communication Breakdown (Remaster).mp3,HELD_PROBLEMS,HELD_PROBLEMS,"no reliable parse (method=unknown, conf=0.0)"
C:\Users\suppo\Downloads\New Music\Top1000_Southern Rock\Country Music Channel.mp3,Country Music Channel.mp3,HELD_PROBLEMS,HELD_PROBLEMS,"no reliable parse (method=unknown, conf=0.0)"
C:\Users\suppo\Downloads\New Music\Top1000_HipHop\Cypress Hill - Hits from the Bong.mp3,Cypress Hill - Hits from the Bong.mp3,HELD_PROBLEMS,REVIEW_REQUIRED,"has collision but parseable (conf=1.0), needs dup resolution"
C:\Users\suppo\Downloads\New Music\Top1000_HipHop\Cypress Hill - Insane In The Brain.mp3,Cypress Hill - Insane In The Brain.mp3,HELD_PROBLEMS,REVIEW_REQUIRED,"has collision but parseable (conf=1.0), needs dup resolution"
C:\Users\suppo\Downloads\New Music\Top1000_HipHop\D.R.S Gangsta Lean.mp3,D.R.S Gangsta Lean.mp3,HELD_PROBLEMS,HELD_PROBLEMS,"no reliable parse (method=unknown, conf=0.0)"
C:\Users\suppo\Downloads\New Music\Top1000_Southern Rock\David Allan Coe texas lullaby.mp3,David Allan Coe texas lullaby.mp3,HELD_PROBLEMS,REVIEW_REQUIRED,fallback parse but has Artist - Title format
C:\Users\suppo\Downloads\New Music\Top1000\Dax - ＂Gods Eyes＂.mp3,Dax - ＂Gods Eyes＂.mp3,HELD_PROBLEMS,HELD_PROBLEMS,collision + low confidence
C:\Users\suppo\Downloads\New Music\Top1000\Dax - ＂PTSD＂.mp3,Dax - ＂PTSD＂.mp3,HELD_PROBLEMS,HELD_PROBLEMS,collision + low confidence
C:\Users\suppo\Downloads\New Music\Top1000_HipHop\Dax - ＂TEMPTATION＂.mp3,Dax - ＂TEMPTATION＂.mp3,HELD_PROBLEMS,HELD_PROBLEMS,collision + low confidence
C:\Users\suppo\Downloads\New Music\Top1000\Dax - ＂The Devils Calling＂.mp3,Dax - ＂The Devils Calling＂.mp3,HELD_PROBLEMS,HELD_PROBLEMS,collision + low confidence
C:\Users\suppo\Downloads\New Music\Top1000\Dax - ＂To Be A Man＂.mp3,Dax - ＂To Be A Man＂.mp3,HELD_PROBLEMS,HELD_PROBLEMS,collision + low confidence
C:\Users\suppo\Downloads\New Music\Top1000\Days of Summer.mp3,Days of Summer.mp3,HELD_PROBLEMS,HELD_PROBLEMS,"no reliable parse (method=unknown, conf=0.0)"
C:\Users\suppo\Downloads\New Music\Top1000_Hard Rock_Metal\Dead Embryonic Cells.mp3,Dead Embryonic Cells.mp3,HELD_PROBLEMS,HELD_PROBLEMS,"no reliable parse (method=unknown, conf=0.0)"
C:\Users\suppo\Downloads\New Music\Top1000_HipHop\Dead Presidents II.mp3,Dead Presidents II.mp3,HELD_PROBLEMS,HELD_PROBLEMS,"no reliable parse (method=unknown, conf=0.0)"
C:\Users\suppo\Downloads\New Music\Top1000_HipHop\dead prez - Hip Hop (Digital Video).mp3,dead prez - Hip Hop (Digital Video).mp3,HELD_PROBLEMS,REVIEW_REQUIRED,"has collision but parseable (conf=1.0), needs dup resolution"
C:\Users\suppo\Downloads\New Music\Top1000_HipHop\dead prez - Hip Hop.mp3,dead prez - Hip Hop.mp3,HELD_PROBLEMS,REVIEW_REQUIRED,"has collision but parseable (conf=1.0), needs dup resolution"
C:\Users\suppo\Downloads\New Music\Top1000\Definition Of ｜ 559 ｜ 432Hz.mp3,Definition Of ｜ 559 ｜ 432Hz.mp3,HELD_PROBLEMS,REVIEW_REQUIRED,"illegal chars fixable (sanitize works), conf=0.3"
C:\Users\suppo\Downloads\New Music\Top1000_Country\Dexys Midnight Runners ＂Because of You＂.mp3,Dexys Midnight Runners ＂Because of You＂.mp3,HELD_PROBLEMS,HELD_PROBLEMS,"no reliable parse (method=unknown, conf=0.0)"
C:\Users\suppo\Downloads\New Music\Top1000_Hard Rock_Metal\Diary of a Madman.mp3,Diary of a Madman.mp3,HELD_PROBLEMS,REVIEW_REQUIRED,fallback parse but has Artist - Title format
C:\Users\suppo\Downloads\New Music\Top1000\DILBAR ｜ Satyameva Jayate ｜ John Abraham Nora Fatehi ｜ Tanishk B Neha Kakkar Ikka Dhvani ｜ T-Series.mp3,DILBAR ｜ Satyameva Jayate ｜ John Abraham Nora Fatehi ｜ Tanishk B Neha Kakkar Ikka Dhvani ｜ T-Series.mp3,HELD_PROBLEMS,REVIEW_REQUIRED,"illegal chars fixable (sanitize works), conf=0.3"
C:\Users\suppo\Downloads\New Music\Top1000_Club\Dimitri Vegas & Like Mike ft. Wolfpack & Katy B - Find Tomorrow.mp3,Dimitri Vegas & Like Mike ft. Wolfpack & Katy B - Find Tomorrow.mp3,HELD_PROBLEMS,REVIEW_REQUIRED,"has collision but parseable (conf=1.0), needs dup resolution"
C:\Users\suppo\Downloads\New Music\Top1000_Club\Dimitri Vegas & Like Mike vs Sander van Doorn - Project T.mp3,Dimitri Vegas & Like Mike vs Sander van Doorn - Project T.mp3,HELD_PROBLEMS,REVIEW_REQUIRED,"has collision but parseable (conf=1.0), needs dup resolution"
C:\Users\suppo\Downloads\New Music\Top1000_Disco\Disco Tex And The Sex O Lettes Get Dancing.mp3,Disco Tex And The Sex O Lettes Get Dancing.mp3,HELD_PROBLEMS,REVIEW_REQUIRED,fallback parse but has Artist - Title format
C:\Users\suppo\Downloads\New Music\Top1000_Club\DISCONNECTED.mp3,DISCONNECTED.mp3,HELD_PROBLEMS,HELD_PROBLEMS,"no reliable parse (method=unknown, conf=0.0)"
C:\Users\suppo\Downloads\New Music\Top1000_HipHop\DJ Jazzy Jeff & The Fresh Prince - Summertime.mp3,DJ Jazzy Jeff & The Fresh Prince - Summertime.mp3,HELD_PROBLEMS,REVIEW_REQUIRED,"has collision but parseable (conf=1.0), needs dup resolution"
C:\Users\suppo\Downloads\New Music\Top1000\DJ Snake - Let Me Love You ft. Justin Bieber.mp3,DJ Snake - Let Me Love You ft. Justin Bieber.mp3,HELD_PROBLEMS,REVIEW_REQUIRED,"has collision but parseable (conf=1.0), needs dup resolution"
C:\Users\suppo\Downloads\New Music\Top1000_Club\DJ Snake - Let Me Love You ft. Justin Bieber.mp3,DJ Snake - Let Me Love You ft. Justin Bieber.mp3,HELD_PROBLEMS,REVIEW_REQUIRED,"has collision but parseable (conf=1.0), needs dup resolution"
C:\Users\suppo\Downloads\New Music\Top1000\Dont Go.mp3,Dont Go.mp3,HELD_PROBLEMS,HELD_PROBLEMS,"no reliable parse (method=unknown, conf=0.0)"
C:\Users\suppo\Downloads\New Music\Top1000_HipHop\Doomsday.mp3,Doomsday.mp3,HELD_PROBLEMS,HELD_PROBLEMS,"no reliable parse (method=unknown, conf=0.0)"
C:\Users\suppo\Downloads\New Music\Top1000_HipHop\Doug E Fresh & Slick Rick-The Show.mp3,Doug E Fresh & Slick Rick-The Show.mp3,HELD_PROBLEMS,REVIEW_REQUIRED,fallback parse but has Artist - Title format
C:\Users\suppo\Downloads\New Music\Top1000_HipHop\Drop It Like Its Hot by Snoop Dogg ft. Pharrell ｜ Interscope.mp3,Drop It Like Its Hot by Snoop Dogg ft. Pharrell ｜ Interscope.mp3,HELD_PROBLEMS,REVIEW_REQUIRED,"illegal chars fixable (sanitize works), conf=0.3"
C:\Users\suppo\Downloads\New Music\Top1000_Club\Earthrise.mp3,Earthrise.mp3,HELD_PROBLEMS,HELD_PROBLEMS,"no reliable parse (method=unknown, conf=0.0)"
C:\Users\suppo\Downloads\New Music\Top1000_Country\Easton Corbin - A Little More Country Than That.mp3,Easton Corbin - A Little More Country Than That.mp3,HELD_PROBLEMS,REVIEW_REQUIRED,"has collision but parseable (conf=1.0), needs dup resolution"
C:\Users\suppo\Downloads\New Music\Top1000_Country\Easton Corbin-A Lot to Learn About Livin.mp3,Easton Corbin-A Lot to Learn About Livin.mp3,HELD_PROBLEMS,REVIEW_REQUIRED,fallback parse but has Artist - Title format
C:\Users\suppo\Downloads\New Music\Top1000_Country\Easton Corbin-Dont ask me bout a woman.mp3,Easton Corbin-Dont ask me bout a woman.mp3,HELD_PROBLEMS,REVIEW_REQUIRED,fallback parse but has Artist - Title format
C:\Users\suppo\Downloads\New Music\Top1000_Country\Easton Corbin-Leavin A Lonely Town.mp3,Easton Corbin-Leavin A Lonely Town.mp3,HELD_PROBLEMS,REVIEW_REQUIRED,fallback parse but has Artist - Title format
C:\Users\suppo\Downloads\New Music\Top1000_Country\Easton Corbin-Someday when Im Old.mp3,Easton Corbin-Someday when Im Old.mp3,HELD_PROBLEMS,REVIEW_REQUIRED,fallback parse but has Artist - Title format
C:\Users\suppo\Downloads\New Music\Top1000_Country\Easton Corbin-The Way Love Looks.mp3,Easton Corbin-The Way Love Looks.mp3,HELD_PROBLEMS,REVIEW_REQUIRED,fallback parse but has Artist - Title format
C:\Users\suppo\Downloads\New Music\Top1000_HipHop\Ecstasy.mp3,Ecstasy.mp3,HELD_PROBLEMS,HELD_PROBLEMS,"no reliable parse (method=unknown, conf=0.0)"
C:\Users\suppo\Downloads\New Music\Top1000_HipHop\Eminem - My Name Is.mp3,Eminem - My Name Is.mp3,HELD_PROBLEMS,REVIEW_REQUIRED,"has collision but parseable (conf=1.0), needs dup resolution"
C:\Users\suppo\Downloads\New Music\Top1000_Country\Engelbert Am I That Easy To Forget-2009.mp3,Engelbert Am I That Easy To Forget-2009.mp3,HELD_PROBLEMS,REVIEW_REQUIRED,fallback parse but has Artist - Title format
"C:\Users\suppo\Downloads\New Music\Top1000\Esperando QTD Remix -Villafañe ft @elblxnco111 , @izzy_bz.mp3","Esperando QTD Remix -Villafañe ft @elblxnco111 , @izzy_bz.mp3",HELD_PROBLEMS,REVIEW_REQUIRED,fallback parse but has Artist - Title format
"C:\Users\suppo\Downloads\New Music\Top1000_Motown\Etta James ✨ Greatest Hits Full Album ｜ Best Soul & Blues Songs from the 70s, 80s, 90s.mp3","Etta James ✨ Greatest Hits Full Album ｜ Best Soul & Blues Songs from the 70s, 80s, 90s.mp3",HELD_PROBLEMS,REVIEW_REQUIRED,"illegal chars fixable (sanitize works), conf=0.3"
C:\Users\suppo\Downloads\New Music\Top1000_Hard Rock_Metal\Exciter.mp3,Exciter.mp3,HELD_PROBLEMS,HELD_PROBLEMS,"no reliable parse (method=unknown, conf=0.0)"
C:\Users\suppo\Downloads\New Music\Top1000_Jazz\Fly Me To The Moon.mp3,Fly Me To The Moon.mp3,HELD_PROBLEMS,REVIEW_REQUIRED,fallback parse but has Artist - Title format
C:\Users\suppo\Downloads\New Music\Top1000_Hard Rock_Metal\Flying High Again.mp3,Flying High Again.mp3,HELD_PROBLEMS,HELD_PROBLEMS,"no reliable parse (method=unknown, conf=0.0)"
C:\Users\suppo\Downloads\New Music\Top1000_Southern Rock\Forever Angel.mp3,Forever Angel.mp3,HELD_PROBLEMS,HELD_PROBLEMS,"no reliable parse (method=unknown, conf=0.0)"
C:\Users\suppo\Downloads\New Music\Top1000_Jazz\Frank Sinatra Best Songs Collection 2026｜ Full Album Playlist ｜ Timeless Classics.mp3,Frank Sinatra Best Songs Collection 2026｜ Full Album Playlist ｜ Timeless Classics.mp3,HELD_PROBLEMS,REVIEW_REQUIRED,"illegal chars fixable (sanitize works), conf=0.3"
"C:\Users\suppo\Downloads\New Music\Top1000_Jazz\Frank Sinatra, Bing Crosby, Dean Martin, Nat King Cole 💿 Timeless Oldies & Nostalgic Scenes 50s 60s.mp3","Frank Sinatra, Bing Crosby, Dean Martin, Nat King Cole 💿 Timeless Oldies & Nostalgic Scenes 50s 60s.mp3",HELD_PROBLEMS,REVIEW_REQUIRED,fallback parse but has Artist - Title format
"C:\Users\suppo\Downloads\New Music\Top1000_Jazz\Frank Sinatra, Nat King Cole, Louis Armstrong ｜ Timeless Classics.mp3","Frank Sinatra, Nat King Cole, Louis Armstrong ｜ Timeless Classics.mp3",HELD_PROBLEMS,REVIEW_REQUIRED,"illegal chars fixable (sanitize works), conf=0.3"
C:\Users\suppo\Downloads\New Music\Top1000_HipHop\Fugees - Fu-Gee-La.mp3,Fugees - Fu-Gee-La.mp3,HELD_PROBLEMS,REVIEW_REQUIRED,"has collision but parseable (conf=1.0), needs dup resolution"
C:\Users\suppo\Downloads\New Music\Top1000_HipHop\Funky 4+1 Thats The Joint.mp3,Funky 4+1 Thats The Joint.mp3,HELD_PROBLEMS,REVIEW_REQUIRED,fallback parse but has Artist - Title format
C:\Users\suppo\Downloads\New Music\Top1000_HipHop\Gangsta Gangsta.mp3,Gangsta Gangsta.mp3,HELD_PROBLEMS,HELD_PROBLEMS,"no reliable parse (method=unknown, conf=0.0)"
C:\Users\suppo\Downloads\New Music\Top1000_Disco\Garys Gang-keep on dancin.mp3,Garys Gang-keep on dancin.mp3,HELD_PROBLEMS,REVIEW_REQUIRED,fallback parse but has Artist - Title format
C:\Users\suppo\Downloads\New Music\Top1000\George Michael - Careless Whisper.mp3,George Michael - Careless Whisper.mp3,HELD_PROBLEMS,REVIEW_REQUIRED,"has collision but parseable (conf=1.0), needs dup resolution"
C:\Users\suppo\Downloads\New Music\Top1000_Country\George strait-The Best day.mp3,George strait-The Best day.mp3,HELD_PROBLEMS,REVIEW_REQUIRED,fallback parse but has Artist - Title format
C:\Users\suppo\Downloads\New Music\Top1000_HipHop\Ghetto Cowboy.mp3,Ghetto Cowboy.mp3,HELD_PROBLEMS,HELD_PROBLEMS,"no reliable parse (method=unknown, conf=0.0)"
"C:\Users\suppo\Downloads\New Music\Top1000_Jazz\Golden Age Jazz Hits 🎶 Nat King Cole, Frank Sinatra, Louis Armstrong, Dean Martin & Ella Fitzgerald.mp3","Golden Age Jazz Hits 🎶 Nat King Cole, Frank Sinatra, Louis Armstrong, Dean Martin & Ella Fitzgerald.mp3",HELD_PROBLEMS,REVIEW_REQUIRED,fallback parse but has Artist - Title format
C:\Users\suppo\Downloads\New Music\Top1000_Disco\gonzalez -Havent Stopped Dancing Yet original video 1979.mp3,gonzalez -Havent Stopped Dancing Yet original video 1979.mp3,HELD_PROBLEMS,REVIEW_REQUIRED,fallback parse but has Artist - Title format
C:\Users\suppo\Downloads\New Music\Top1000_HipHop\Grandmaster Melle Mel ＂Beat Street Breakdown＂.mp3,Grandmaster Melle Mel ＂Beat Street Breakdown＂.mp3,HELD_PROBLEMS,HELD_PROBLEMS,"no reliable parse (method=unknown, conf=0.0)"
C:\Users\suppo\Downloads\New Music\Top1000_Southern Rock\Green Grass and High Tides.mp3,Green Grass and High Tides.mp3,HELD_PROBLEMS,REVIEW_REQUIRED,fallback parse but has Artist - Title format
C:\Users\suppo\Downloads\New Music\Top1000_Southern Rock\GREG ALLMAN MIDNIGHT RIDER.mp3,GREG ALLMAN MIDNIGHT RIDER.mp3,HELD_PROBLEMS,REVIEW_REQUIRED,fallback parse but has Artist - Title format
C:\Users\suppo\Downloads\New Music\Top1000_Country\Guilty in here.mp3,Guilty in here.mp3,HELD_PROBLEMS,HELD_PROBLEMS,"no reliable parse (method=unknown, conf=0.0)"
C:\Users\suppo\Downloads\New Music\Top1000_Hard Rock_Metal\Hangar 18 (2004 Remix).mp3,Hangar 18 (2004 Remix).mp3,HELD_PROBLEMS,HELD_PROBLEMS,"no reliable parse (method=unknown, conf=0.0)"
C:\Users\suppo\Downloads\New Music\Top1000_Southern Rock\Hank Williams Jr.-Cajun Baby.mp3,Hank Williams Jr.-Cajun Baby.mp3,HELD_PROBLEMS,REVIEW_REQUIRED,fallback parse but has Artist - Title format
C:\Users\suppo\Downloads\New Music\Top1000\Hard ｜ Kief Brown ｜ 432Hz.mp3,Hard ｜ Kief Brown ｜ 432Hz.mp3,HELD_PROBLEMS,REVIEW_REQUIRED,"illegal chars fixable (sanitize works), conf=0.3"
C:\Users\suppo\Downloads\New Music\Top1000_HipHop\Harder Than You Think.mp3,Harder Than You Think.mp3,HELD_PROBLEMS,REVIEW_REQUIRED,fallback parse but has Artist - Title format
C:\Users\suppo\Downloads\New Music\Top1000_Southern Rock\Heart of Texas ~ Billy Joe Shaver with Waylon Jennings.mp3,Heart of Texas ~ Billy Joe Shaver with Waylon Jennings.mp3,HELD_PROBLEMS,REVIEW_REQUIRED,fallback parse but has Artist - Title format
C:\Users\suppo\Downloads\New Music\Top1000_HipHop\Heart Of The City.mp3,Heart Of The City.mp3,HELD_PROBLEMS,REVIEW_REQUIRED,fallback parse but has Artist - Title format
C:\Users\suppo\Downloads\New Music\Top1000_Country\Highway 20 ride lyrics.mp3,Highway 20 ride lyrics.mp3,HELD_PROBLEMS,REVIEW_REQUIRED,fallback parse but has Artist - Title format
C:\Users\suppo\Downloads\New Music\Top1000_HipHop\House of Pain - Jump Around.mp3,House of Pain - Jump Around.mp3,HELD_PROBLEMS,REVIEW_REQUIRED,"has collision but parseable (conf=1.0), needs dup resolution"
C:\Users\suppo\Downloads\New Music\Top1000_Country\I Can Still Make Cheyenne with Lyrics.mp3,I Can Still Make Cheyenne with Lyrics.mp3,HELD_PROBLEMS,REVIEW_REQUIRED,fallback parse but has Artist - Title format
C:\Users\suppo\Downloads\New Music\Top1000_HipHop\I Cant Live Without My Radio.mp3,I Cant Live Without My Radio.mp3,HELD_PROBLEMS,REVIEW_REQUIRED,fallback parse but has Artist - Title format
C:\Users\suppo\Downloads\New Music\Top1000_Country\I Loved Her First Lyrics.mp3,I Loved Her First Lyrics.mp3,HELD_PROBLEMS,REVIEW_REQUIRED,fallback parse but has Artist - Title format
C:\Users\suppo\Downloads\New Music\Top1000_HipHop\Ice-T- 6 N The Mornin.mp3,Ice-T- 6 N The Mornin.mp3,HELD_PROBLEMS,REVIEW_REQUIRED,fallback parse but has Artist - Title format
C:\Users\suppo\Downloads\New Music\Top1000_HipHop\Ice-T- Im Your Pusher.mp3,Ice-T- Im Your Pusher.mp3,HELD_PROBLEMS,REVIEW_REQUIRED,fallback parse but has Artist - Title format
C:\Users\suppo\Downloads\New Music\Top1000_Hard Rock_Metal\Iced Earth-A Question of Heaven.mp3,Iced Earth-A Question of Heaven.mp3,HELD_PROBLEMS,REVIEW_REQUIRED,fallback parse but has Artist - Title format
C:\Users\suppo\Downloads\New Music\Top1000_Hard Rock_Metal\Iced Earth-Birth Of The Wicked.mp3,Iced Earth-Birth Of The Wicked.mp3,HELD_PROBLEMS,REVIEW_REQUIRED,fallback parse but has Artist - Title format
C:\Users\suppo\Downloads\New Music\Top1000_Club\IEM Oakland 2016 Aftermovie.mp3,IEM Oakland 2016 Aftermovie.mp3,HELD_PROBLEMS,REVIEW_REQUIRED,fallback parse but has Artist - Title format
C:\Users\suppo\Downloads\New Music\Top1000_Country\Im Sorry-Blake Shelton.mp3,Im Sorry-Blake Shelton.mp3,HELD_PROBLEMS,HELD_PROBLEMS,"no reliable parse (method=unknown, conf=0.0)"
C:\Users\suppo\Downloads\New Music\Top1000_Hard Rock_Metal\Immigrant Song (Remaster).mp3,Immigrant Song (Remaster).mp3,HELD_PROBLEMS,HELD_PROBLEMS,"no reliable parse (method=unknown, conf=0.0)"
"C:\Users\suppo\Downloads\New Music\Top1000_Opera\Intermezzo from Cavalleria Rusticana, Pietro Mascagni.mp3","Intermezzo from Cavalleria Rusticana, Pietro Mascagni.mp3",HELD_PROBLEMS,REVIEW_REQUIRED,fallback parse but has Artist - Title format
C:\Users\suppo\Downloads\New Music\Top1000_HipHop\Introduction to Business Chapter 1.mp3,Introduction to Business Chapter 1.mp3,HELD_PROBLEMS,REVIEW_REQUIRED,fallback parse but has Artist - Title format
C:\Users\suppo\Downloads\New Music\Top1000_HipHop\It Feels so Good.mp3,It Feels so Good.mp3,HELD_PROBLEMS,REVIEW_REQUIRED,fallback parse but has Artist - Title format
C:\Users\suppo\Downloads\New Music\Top1000_Motown\James Brown Greatest Hits 2025 ｜ Full Album Playlist ｜ The Godfather of Souls Top 30 Songs.mp3,James Brown Greatest Hits 2025 ｜ Full Album Playlist ｜ The Godfather of Souls Top 30 Songs.mp3,HELD_PROBLEMS,REVIEW_REQUIRED,"illegal chars fixable (sanitize works), conf=0.3"
C:\Users\suppo\Downloads\New Music\Top1000_Motown\James Brown Greatest Hits 2025 ｜ Full Album Playlist ｜ The Godfather of Souls Top 30 Songs.temp.mp3,James Brown Greatest Hits 2025 ｜ Full Album Playlist ｜ The Godfather of Souls Top 30 Songs.temp.mp3,HELD_PROBLEMS,REVIEW_REQUIRED,"illegal chars fixable (sanitize works), conf=0.3"
"C:\Users\suppo\Downloads\New Music\Top1000_Jazz\Jazz Legends Playlist ｜ Frank Sinatra, Nat King Cole, Louis Armstrong ｜ Timeless Classics.mp3","Jazz Legends Playlist ｜ Frank Sinatra, Nat King Cole, Louis Armstrong ｜ Timeless Classics.mp3",HELD_PROBLEMS,REVIEW_REQUIRED,"illegal chars fixable (sanitize works), conf=0.3"
"C:\Users\suppo\Downloads\New Music\Top1000_Jazz\Jazz Legends Playlist 🎷 Frank Sinatra, Louis Armstrong, Nat King Cole ｜ Vintage Jazz Vibes.mp3","Jazz Legends Playlist 🎷 Frank Sinatra, Louis Armstrong, Nat King Cole ｜ Vintage Jazz Vibes.mp3",HELD_PROBLEMS,REVIEW_REQUIRED,"illegal chars fixable (sanitize works), conf=0.3"
"C:\Users\suppo\Downloads\New Music\Top1000_Jazz\Jazz Legends Playlist 🎷 Frank Sinatra, Louis Armstrong, Nat King Cole ｜ Vintage Jazz Vibes.temp.mp3","Jazz Legends Playlist 🎷 Frank Sinatra, Louis Armstrong, Nat King Cole ｜ Vintage Jazz Vibes.temp.mp3",HELD_PROBLEMS,REVIEW_REQUIRED,"illegal chars fixable (sanitize works), conf=0.3"
"C:\Users\suppo\Downloads\New Music\Top1000_Jazz\Jazz Songs 50s 60s 70s ｜Frank Sinatra, Louis Armstrong, Nat King Cole ｜ Vintage Jazz Memories.mp3","Jazz Songs 50s 60s 70s ｜Frank Sinatra, Louis Armstrong, Nat King Cole ｜ Vintage Jazz Memories.mp3",HELD_PROBLEMS,REVIEW_REQUIRED,"illegal chars fixable (sanitize works), conf=0.3"
C:\Users\suppo\Downloads\New Music\Top1000_Classical\Jean Joseph MOURET 1682-1738 Rondeau.mp3,Jean Joseph MOURET 1682-1738 Rondeau.mp3,HELD_PROBLEMS,REVIEW_REQUIRED,fallback parse but has Artist - Title format
C:\Users\suppo\Downloads\New Music\Top1000_HipHop\Jedi Mind Tricks - ＂Heavy Metal Kings＂.mp3,Jedi Mind Tricks - ＂Heavy Metal Kings＂.mp3,HELD_PROBLEMS,REVIEW_REQUIRED,"has collision but parseable (conf=0.3), needs dup resolution"
C:\Users\suppo\Downloads\New Music\Top1000_HipHop\Jedi Mind Tricks - ＂I Who Have Nothing＂.mp3,Jedi Mind Tricks - ＂I Who Have Nothing＂.mp3,HELD_PROBLEMS,REVIEW_REQUIRED,"has collision but parseable (conf=0.3), needs dup resolution"
C:\Users\suppo\Downloads\New Music\Top1000_HipHop\Jedi Mind Tricks - ＂Uncommon Valor： A Vietnam Story＂.mp3,Jedi Mind Tricks - ＂Uncommon Valor： A Vietnam Story＂.mp3,HELD_PROBLEMS,REVIEW_REQUIRED,"has collision but parseable (conf=0.3), needs dup resolution"
C:\Users\suppo\Downloads\New Music\Top1000\Jeep.mp3,Jeep.mp3,HELD_PROBLEMS,HELD_PROBLEMS,"no reliable parse (method=unknown, conf=0.0)"
C:\Users\suppo\Downloads\New Music\Top1000_Classical\Johann Sebastian Bach-Air on G String.mp3,Johann Sebastian Bach-Air on G String.mp3,HELD_PROBLEMS,REVIEW_REQUIRED,fallback parse but has Artist - Title format
C:\Users\suppo\Downloads\New Music\Top1000_Country\Jolene Zac brown band.mp3,Jolene Zac brown band.mp3,HELD_PROBLEMS,REVIEW_REQUIRED,fallback parse but has Artist - Title format
C:\Users\suppo\Downloads\New Music\Top1000_Country\Kacey Musgraves - Biscuits.mp3,Kacey Musgraves - Biscuits.mp3,HELD_PROBLEMS,REVIEW_REQUIRED,"has collision but parseable (conf=1.0), needs dup resolution"
C:\Users\suppo\Downloads\New Music\Top1000_Symphonic_Power Metal\KAMELOT - Eventide (Static Video) ｜ Napalm Records.mp3,KAMELOT - Eventide (Static Video) ｜ Napalm Records.mp3,HELD_PROBLEMS,REVIEW_REQUIRED,"has collision but parseable (conf=1.0), needs dup resolution"
C:\Users\suppo\Downloads\New Music\Top1000_Hard Rock_Metal\Kashmir (Remaster).mp3,Kashmir (Remaster).mp3,HELD_PROBLEMS,HELD_PROBLEMS,"no reliable parse (method=unknown, conf=0.0)"
C:\Users\suppo\Downloads\New Music\Top1000\Keep On.mp3,Keep On.mp3,HELD_PROBLEMS,HELD_PROBLEMS,"no reliable parse (method=unknown, conf=0.0)"
C:\Users\suppo\Downloads\New Music\Top1000_HipHop\Keith Murray-Most Beautifullest Thing In This World.mp3,Keith Murray-Most Beautifullest Thing In This World.mp3,HELD_PROBLEMS,REVIEW_REQUIRED,fallback parse but has Artist - Title format
C:\Users\suppo\Downloads\New Music\Top1000_Country\Keith Whitley I Get The Picture.mp3,Keith Whitley I Get The Picture.mp3,HELD_PROBLEMS,REVIEW_REQUIRED,fallback parse but has Artist - Title format
C:\Users\suppo\Downloads\New Music\Top1000_Country\Kenney Chesney -Sherrys living in Paradise ：).mp3,Kenney Chesney -Sherrys living in Paradise ：).mp3,HELD_PROBLEMS,REVIEW_REQUIRED,"illegal chars fixable (sanitize works), conf=0.3"
C:\Users\suppo\Downloads\New Music\Top1000_Country\Kenny Chesney - Way Down Here.mp3,Kenny Chesney - Way Down Here.mp3,HELD_PROBLEMS,REVIEW_REQUIRED,"has collision but parseable (conf=1.0), needs dup resolution"
C:\Users\suppo\Downloads\New Music\Top1000_Country\kenny chesney way down here.mp3,kenny chesney way down here.mp3,HELD_PROBLEMS,REVIEW_REQUIRED,"has collision but parseable (conf=0.3), needs dup resolution"
C:\Users\suppo\Downloads\New Music\Top1000\KILLSHOT.mp3,KILLSHOT.mp3,HELD_PROBLEMS,HELD_PROBLEMS,"no reliable parse (method=unknown, conf=0.0)"
C:\Users\suppo\Downloads\New Music\Top1000_HipHop\Kurtis Blow-The Breaks.mp3,Kurtis Blow-The Breaks.mp3,HELD_PROBLEMS,HELD_PROBLEMS,"no reliable parse (method=unknown, conf=0.0)"
C:\Users\suppo\Downloads\New Music\Top1000\LA CIUDAD -.mp3,LA CIUDAD -.mp3,HELD_PROBLEMS,HELD_PROBLEMS,"no reliable parse (method=unknown, conf=0.0)"
C:\Users\suppo\Downloads\New Music\Top1000\Last Friday Night.mp3,Last Friday Night.mp3,HELD_PROBLEMS,HELD_PROBLEMS,"no reliable parse (method=unknown, conf=0.0)"
"C:\Users\suppo\Downloads\New Music\Top1000\Laung Laachi Title Song ｜ Mannat Noor ｜ Ammy Virk, Neeru Bajwa,Amberdeep ｜ Latest Punjabi Song 2018.mp3","Laung Laachi Title Song ｜ Mannat Noor ｜ Ammy Virk, Neeru Bajwa,Amberdeep ｜ Latest Punjabi Song 2018.mp3",HELD_PROBLEMS,REVIEW_REQUIRED,"illegal chars fixable (sanitize works), conf=0.3"
"C:\Users\suppo\Downloads\New Music\Top1000_Jazz\Legends of Jazz & Soul 🎷 Frank Sinatra, Louis Armstrong, Nat King Cole🎷 🎶 Jazz Classics 50s 60s 70s.mp3","Legends of Jazz & Soul 🎷 Frank Sinatra, Louis Armstrong, Nat King Cole🎷 🎶 Jazz Classics 50s 60s 70s.mp3",HELD_PROBLEMS,REVIEW_REQUIRED,fallback parse but has Artist - Title format
"C:\Users\suppo\Downloads\New Music\Top1000_Jazz\Legends of Jazz & Soul 🎷 Louis Armstrong, Nat King Cole, Frank Sinatra ｜ Timeless Classics.mp3","Legends of Jazz & Soul 🎷 Louis Armstrong, Nat King Cole, Frank Sinatra ｜ Timeless Classics.mp3",HELD_PROBLEMS,REVIEW_REQUIRED,"illegal chars fixable (sanitize works), conf=0.3"
"C:\Users\suppo\Downloads\New Music\Top1000_Jazz\Legends of Jazz & Soul 🎷 Nat King Cole, Louis Armstrong, Frank Sinatra ｜ Timeless Classics.mp3","Legends of Jazz & Soul 🎷 Nat King Cole, Louis Armstrong, Frank Sinatra ｜ Timeless Classics.mp3",HELD_PROBLEMS,REVIEW_REQUIRED,"illegal chars fixable (sanitize works), conf=0.3"
"C:\Users\suppo\Downloads\New Music\Top1000_Jazz\Legends of Jazz & Soul 🎷Frank Sinatra, Nat King Cole, Louis Armstrong ｜ Timeless Classics.mp3","Legends of Jazz & Soul 🎷Frank Sinatra, Nat King Cole, Louis Armstrong ｜ Timeless Classics.mp3",HELD_PROBLEMS,REVIEW_REQUIRED,"illegal chars fixable (sanitize works), conf=0.3"
C:\Users\suppo\Downloads\New Music\Top1000_Country\Let it Go-Zac Brown Band.mp3,Let it Go-Zac Brown Band.mp3,HELD_PROBLEMS,REVIEW_REQUIRED,fallback parse but has Artist - Title format
C:\Users\suppo\Downloads\New Music\Top1000_HipHop\LET＂S GO-feat. twista lil jon and Trick Daddy.mp3,LET＂S GO-feat. twista lil jon and Trick Daddy.mp3,HELD_PROBLEMS,REVIEW_REQUIRED,fallback parse but has Artist - Title format
C:\Users\suppo\Downloads\New Music\Top1000\Lil Sammy Ft Tashon Whole Lotta Money.mp3,Lil Sammy Ft Tashon Whole Lotta Money.mp3,HELD_PROBLEMS,REVIEW_REQUIRED,fallback parse but has Artist - Title format
C:\Users\suppo\Downloads\New Music\Top1000_HipHop\Lin Que ＂Let It Fall＂.mp3,Lin Que ＂Let It Fall＂.mp3,HELD_PROBLEMS,HELD_PROBLEMS,"no reliable parse (method=unknown, conf=0.0)"
C:\Users\suppo\Downloads\New Music\Top1000_Blues\Little Walter-Youd Better Watch Yourself.mp3,Little Walter-Youd Better Watch Yourself.mp3,HELD_PROBLEMS,REVIEW_REQUIRED,fallback parse but has Artist - Title format
C:\Users\suppo\Downloads\New Music\Top1000_HipHop\LL Cool J-Rock The Bells.mp3,LL Cool J-Rock The Bells.mp3,HELD_PROBLEMS,REVIEW_REQUIRED,fallback parse but has Artist - Title format
"C:\Users\suppo\Downloads\New Music\Top1000\LMFAO - Party Rock Anthem (Audio) ft. Lauren Bennett, GoonRock.mp3","LMFAO - Party Rock Anthem (Audio) ft. Lauren Bennett, GoonRock.mp3",HELD_PROBLEMS,REVIEW_REQUIRED,"has collision but parseable (conf=1.0), needs dup resolution"
"C:\Users\suppo\Downloads\New Music\Top1000\LMFAO - Party Rock Anthem ft. Lauren Bennett, GoonRock.mp3","LMFAO - Party Rock Anthem ft. Lauren Bennett, GoonRock.mp3",HELD_PROBLEMS,REVIEW_REQUIRED,"has collision but parseable (conf=1.0), needs dup resolution"
C:\Users\suppo\Downloads\New Music\Top1000_Jazz\Louis Armstrong & Ella Fitzgerald 🎷 Timeless Jazz Legends ｜ Best Duets Playlist 🎵 Cheek To Cheek.mp3,Louis Armstrong & Ella Fitzgerald 🎷 Timeless Jazz Legends ｜ Best Duets Playlist 🎵 Cheek To Cheek.mp3,HELD_PROBLEMS,REVIEW_REQUIRED,"illegal chars fixable (sanitize works), conf=0.3"
"C:\Users\suppo\Downloads\New Music\Top1000_Jazz\Louis Armstrong, Nat King Cole, Frank Sinatra 🎷 Timeless Vintage Jazz Hits.mp3","Louis Armstrong, Nat King Cole, Frank Sinatra 🎷 Timeless Vintage Jazz Hits.mp3",HELD_PROBLEMS,REVIEW_REQUIRED,fallback parse but has Artist - Title format
C:\Users\suppo\Downloads\New Music\Top1000\Lucenzo And Don Omar Danza Kuduro.mp3,Lucenzo And Don Omar Danza Kuduro.mp3,HELD_PROBLEMS,REVIEW_REQUIRED,fallback parse but has Artist - Title format
C:\Users\suppo\Downloads\New Music\Top1000_HipHop\Luchini AKA This Is It.mp3,Luchini AKA This Is It.mp3,HELD_PROBLEMS,REVIEW_REQUIRED,fallback parse but has Artist - Title format
C:\Users\suppo\Downloads\New Music\Top1000_HipHop\LUNIZ - I GOT 5 ON IT.mp3,LUNIZ - I GOT 5 ON IT.mp3,HELD_PROBLEMS,REVIEW_REQUIRED,"has collision but parseable (conf=1.0), needs dup resolution"
C:\Users\suppo\Downloads\New Music\Top1000_HipHop\LUNIZ -- I GOT 5 ON IT.mp3,LUNIZ -- I GOT 5 ON IT.mp3,HELD_PROBLEMS,REVIEW_REQUIRED,"has collision but parseable (conf=1.0), needs dup resolution"
C:\Users\suppo\Downloads\New Music\Top1000_Southern Rock\Lynyrd Skynyrd-All i can do is write about it.mp3,Lynyrd Skynyrd-All i can do is write about it.mp3,HELD_PROBLEMS,REVIEW_REQUIRED,fallback parse but has Artist - Title format
C:\Users\suppo\Downloads\New Music\Top1000\M.A.R.I.A.M.mp3,M.A.R.I.A.M.mp3,HELD_PROBLEMS,HELD_PROBLEMS,"no reliable parse (method=unknown, conf=0.0)"
C:\Users\suppo\Downloads\New Music\Top1000\M3Deep Cash Cow.mp3,M3Deep Cash Cow.mp3,HELD_PROBLEMS,HELD_PROBLEMS,"no reliable parse (method=unknown, conf=0.0)"
C:\Users\suppo\Downloads\New Music\Top1000_Club\M83 Midnight City Official video.mp3,M83 Midnight City Official video.mp3,HELD_PROBLEMS,REVIEW_REQUIRED,fallback parse but has Artist - Title format
C:\Users\suppo\Downloads\New Music\Top1000_Disco\MacArthur Park Donna Summer.mp3,MacArthur Park Donna Summer.mp3,HELD_PROBLEMS,REVIEW_REQUIRED,fallback parse but has Artist - Title format
C:\Users\suppo\Downloads\New Music\Top1000_Symphonic_Power Metal\MARC HUDSON -「ASTRALIVE」(Official Video) ｜ Napalm Records.mp3,MARC HUDSON -「ASTRALIVE」(Official Video) ｜ Napalm Records.mp3,HELD_PROBLEMS,REVIEW_REQUIRED,"illegal chars fixable (sanitize works), conf=0.3"
C:\Users\suppo\Downloads\New Music\Top1000_Symphonic_Power Metal\MARC HUDSON -「STARBOUND STORIES」(Official Video) ｜ Napalm Records.mp3,MARC HUDSON -「STARBOUND STORIES」(Official Video) ｜ Napalm Records.mp3,HELD_PROBLEMS,REVIEW_REQUIRED,"illegal chars fixable (sanitize works), conf=0.3"
C:\Users\suppo\Downloads\New Music\Top1000_Symphonic_Power Metal\MARC HUDSON -「THE SIREN」(Official Video) ｜ Napalm Records.mp3,MARC HUDSON -「THE SIREN」(Official Video) ｜ Napalm Records.mp3,HELD_PROBLEMS,REVIEW_REQUIRED,"illegal chars fixable (sanitize works), conf=0.3"
C:\Users\suppo\Downloads\New Music\Top1000_Opera\Maria Callas sings ＂Casta Diva＂.mp3,Maria Callas sings ＂Casta Diva＂.mp3,HELD_PROBLEMS,HELD_PROBLEMS,"no reliable parse (method=unknown, conf=0.0)"
C:\Users\suppo\Downloads\New Music\Top1000\Martin Garrix - Animals.mp3,Martin Garrix - Animals.mp3,HELD_PROBLEMS,REVIEW_REQUIRED,"has collision but parseable (conf=1.0), needs dup resolution"
C:\Users\suppo\Downloads\New Music\Top1000_Country\Me And Your Cigarettes.mp3,Me And Your Cigarettes.mp3,HELD_PROBLEMS,REVIEW_REQUIRED,fallback parse but has Artist - Title format
C:\Users\suppo\Downloads\New Music\Top1000_Hard Rock_Metal\Mercyful Fate ＂Come to the Sabbath＂.mp3,Mercyful Fate ＂Come to the Sabbath＂.mp3,HELD_PROBLEMS,HELD_PROBLEMS,"no reliable parse (method=unknown, conf=0.0)"
C:\Users\suppo\Downloads\New Music\Top1000_Hard Rock_Metal\Metal Daze.mp3,Metal Daze.mp3,HELD_PROBLEMS,HELD_PROBLEMS,"no reliable parse (method=unknown, conf=0.0)"
C:\Users\suppo\Downloads\New Music\Top1000_Hard Rock_Metal\Metallica-Master Of Puppets (Lyrics).mp3,Metallica-Master Of Puppets (Lyrics).mp3,HELD_PROBLEMS,HELD_PROBLEMS,"no reliable parse (method=unknown, conf=0.0)"
C:\Users\suppo\Downloads\New Music\Top1000_HipHop\MF Doom-Rhymes Like Dimes.mp3,MF Doom-Rhymes Like Dimes.mp3,HELD_PROBLEMS,REVIEW_REQUIRED,fallback parse but has Artist - Title format
C:\Users\suppo\Downloads\New Music\Top1000_Southern Rock\Midnight Rider ~ Willie Nelson.mp3,Midnight Rider ~ Willie Nelson.mp3,HELD_PROBLEMS,REVIEW_REQUIRED,fallback parse but has Artist - Title format
"C:\Users\suppo\Downloads\New Music\Top1000_Blues\Mike Bloomfield, Al Kooper & Johnny Winter Its My Own Fault.mp3","Mike Bloomfield, Al Kooper & Johnny Winter Its My Own Fault.mp3",HELD_PROBLEMS,REVIEW_REQUIRED,fallback parse but has Artist - Title format
C:\Users\suppo\Downloads\New Music\Top1000_Club\Mind Mirage.mp3,Mind Mirage.mp3,HELD_PROBLEMS,HELD_PROBLEMS,"no reliable parse (method=unknown, conf=0.0)"
C:\Users\suppo\Downloads\New Music\Top1000_Country\Miranda Lambert-Lyin Here.mp3,Miranda Lambert-Lyin Here.mp3,HELD_PROBLEMS,HELD_PROBLEMS,"no reliable parse (method=unknown, conf=0.0)"
C:\Users\suppo\Downloads\New Music\Top1000_Country\Miranda Lambert-Something That I Like About A Honky Tonk.mp3,Miranda Lambert-Something That I Like About A Honky Tonk.mp3,HELD_PROBLEMS,REVIEW_REQUIRED,fallback parse but has Artist - Title format
"C:\Users\suppo\Downloads\New Music\Top1000_HipHop\Mobb Deep - Shook Ones, Pt. II.mp3","Mobb Deep - Shook Ones, Pt. II.mp3",HELD_PROBLEMS,REVIEW_REQUIRED,"has collision but parseable (conf=1.0), needs dup resolution"
C:\Users\suppo\Downloads\New Music\Top1000_HipHop\Mobb Deep - Survival of the Fittest.mp3,Mobb Deep - Survival of the Fittest.mp3,HELD_PROBLEMS,REVIEW_REQUIRED,"has collision but parseable (conf=1.0), needs dup resolution"
C:\Users\suppo\Downloads\New Music\Top1000_Country\MOCKINGBIRD -Toby Keith and his daughter Krystal.mp3,MOCKINGBIRD -Toby Keith and his daughter Krystal.mp3,HELD_PROBLEMS,REVIEW_REQUIRED,fallback parse but has Artist - Title format
C:\Users\suppo\Downloads\New Music\Top1000_Southern Rock\MOLLY HATCHET-CHARLIE DANIELS Free Bird (Lynyrd Skynyrd cover).mp3,MOLLY HATCHET-CHARLIE DANIELS Free Bird (Lynyrd Skynyrd cover).mp3,HELD_PROBLEMS,REVIEW_REQUIRED,fallback parse but has Artist - Title format
C:\Users\suppo\Downloads\New Music\Top1000_HipHop\Momurda.mp3,Momurda.mp3,HELD_PROBLEMS,HELD_PROBLEMS,"no reliable parse (method=unknown, conf=0.0)"
C:\Users\suppo\Downloads\New Music\Top1000_Country\More Trucks Than Cars-Craig Morgan.mp3,More Trucks Than Cars-Craig Morgan.mp3,HELD_PROBLEMS,REVIEW_REQUIRED,fallback parse but has Artist - Title format
"C:\Users\suppo\Downloads\New Music\Top1000_Motown\Motown Greatest Hits 🎙️ Marvin Gaye, Etta James, Smokey Robinson ｜ Soul & R&B Classics Forever.mp3","Motown Greatest Hits 🎙️ Marvin Gaye, Etta James, Smokey Robinson ｜ Soul & R&B Classics Forever.mp3",HELD_PROBLEMS,REVIEW_REQUIRED,"illegal chars fixable (sanitize works), conf=0.3"
"C:\Users\suppo\Downloads\New Music\Top1000_Motown\Motown Soul Legends 🎙️ Marvin Gaye, James Brown, Smokey Robinson ... ｜ Greatest Hits of All Time.mp3","Motown Soul Legends 🎙️ Marvin Gaye, James Brown, Smokey Robinson ... ｜ Greatest Hits of All Time.mp3",HELD_PROBLEMS,REVIEW_REQUIRED,"illegal chars fixable (sanitize works), conf=0.3"
"C:\Users\suppo\Downloads\New Music\Top1000_Motown\Motown Soul Legends 🎙️ Marvin Gaye, James Brown, Smokey Robinson ... ｜ Greatest Hits of All Time.temp.mp3","Motown Soul Legends 🎙️ Marvin Gaye, James Brown, Smokey Robinson ... ｜ Greatest Hits of All Time.temp.mp3",HELD_PROBLEMS,REVIEW_REQUIRED,"illegal chars fixable (sanitize works), conf=0.3"
C:\Users\suppo\Downloads\New Music\Top1000_Country\My Best Friend~Tim McGraw Lyrics.mp3,My Best Friend~Tim McGraw Lyrics.mp3,HELD_PROBLEMS,REVIEW_REQUIRED,fallback parse but has Artist - Title format
C:\Users\suppo\Downloads\New Music\Top1000\My Girl.mp3,My Girl.mp3,HELD_PROBLEMS,HELD_PROBLEMS,"no reliable parse (method=unknown, conf=0.0)"
C:\Users\suppo\Downloads\New Music\Top1000_Jazz\My Way.mp3,My Way.mp3,HELD_PROBLEMS,HELD_PROBLEMS,"no reliable parse (method=unknown, conf=0.0)"
C:\Users\suppo\Downloads\New Music\Top1000\Mychael 4.Babilonia.mp3,Mychael 4.Babilonia.mp3,HELD_PROBLEMS,HELD_PROBLEMS,"no reliable parse (method=unknown, conf=0.0)"
C:\Users\suppo\Downloads\New Music\Top1000_Club\N4sty.mp3,N4sty.mp3,HELD_PROBLEMS,HELD_PROBLEMS,"no reliable parse (method=unknown, conf=0.0)"
C:\Users\suppo\Downloads\New Music\Top1000_HipHop\Nas - Hate Me Now ft. Puff Daddy.mp3,Nas - Hate Me Now ft. Puff Daddy.mp3,HELD_PROBLEMS,REVIEW_REQUIRED,"has collision but parseable (conf=1.0), needs dup resolution"
C:\Users\suppo\Downloads\New Music\Top1000_HipHop\Nas - Nas Is Like.mp3,Nas - Nas Is Like.mp3,HELD_PROBLEMS,REVIEW_REQUIRED,"has collision but parseable (conf=1.0), needs dup resolution"
"C:\Users\suppo\Downloads\New Music\Top1000_Jazz\Nat King Cole, Ella Fitzgerald, Frank Sinatra, Dean Martin ｜ Old Jazz Legends.mp3","Nat King Cole, Ella Fitzgerald, Frank Sinatra, Dean Martin ｜ Old Jazz Legends.mp3",HELD_PROBLEMS,REVIEW_REQUIRED,"illegal chars fixable (sanitize works), conf=0.3"
C:\Users\suppo\Downloads\New Music\Top1000_HipHop\Naughty by Nature - Hip Hop Hooray.mp3,Naughty by Nature - Hip Hop Hooray.mp3,HELD_PROBLEMS,REVIEW_REQUIRED,"has collision but parseable (conf=1.0), needs dup resolution"
C:\Users\suppo\Downloads\New Music\Top1000_HipHop\Naughty By Nature - O.P.P..mp3,Naughty By Nature - O.P.P..mp3,HELD_PROBLEMS,REVIEW_REQUIRED,"has collision but parseable (conf=1.0), needs dup resolution"
C:\Users\suppo\Downloads\New Music\Top1000_Club\Nebula.mp3,Nebula.mp3,HELD_PROBLEMS,HELD_PROBLEMS,"no reliable parse (method=unknown, conf=0.0)"
C:\Users\suppo\Downloads\New Music\Top1000_Country\Neon Blue ~ The Mavericks.mp3,Neon Blue ~ The Mavericks.mp3,HELD_PROBLEMS,REVIEW_REQUIRED,fallback parse but has Artist - Title format
C:\Users\suppo\Downloads\New Music\Top1000\NICOLUKAS ｜ Bebe$uki ｜ Video Oficial.mp3,NICOLUKAS ｜ Bebe$uki ｜ Video Oficial.mp3,HELD_PROBLEMS,REVIEW_REQUIRED,"illegal chars fixable (sanitize works), conf=0.3"
C:\Users\suppo\Downloads\New Music\Top1000\Nirvana - Smells Like Teen Spirit.mp3,Nirvana - Smells Like Teen Spirit.mp3,HELD_PROBLEMS,REVIEW_REQUIRED,"has collision but parseable (conf=1.0), needs dup resolution"
C:\Users\suppo\Downloads\New Music\Top1000_HipHop\No Vaseline.mp3,No Vaseline.mp3,HELD_PROBLEMS,HELD_PROBLEMS,"no reliable parse (method=unknown, conf=0.0)"
C:\Users\suppo\Downloads\New Music\Top1000_HipHop\Notorious Thugs.mp3,Notorious Thugs.mp3,HELD_PROBLEMS,HELD_PROBLEMS,"no reliable parse (method=unknown, conf=0.0)"
C:\Users\suppo\Downloads\New Music\Top1000_Southern Rock\Outlaws Ghost Riders In The Sky.mp3,Outlaws Ghost Riders In The Sky.mp3,HELD_PROBLEMS,REVIEW_REQUIRED,fallback parse but has Artist - Title format
C:\Users\suppo\Downloads\New Music\Top1000_Hard Rock_Metal\Over the Mountain.mp3,Over the Mountain.mp3,HELD_PROBLEMS,HELD_PROBLEMS,"no reliable parse (method=unknown, conf=0.0)"
C:\Users\suppo\Downloads\New Music\Top1000\PAIN IS LIFE.mp3,PAIN IS LIFE.mp3,HELD_PROBLEMS,HELD_PROBLEMS,"no reliable parse (method=unknown, conf=0.0)"
C:\Users\suppo\Downloads\New Music\Top1000\Passenger ｜ Let Her Go.mp3,Passenger ｜ Let Her Go.mp3,HELD_PROBLEMS,REVIEW_REQUIRED,"illegal chars fixable (sanitize works), conf=0.3"
C:\Users\suppo\Downloads\New Music\Top1000_Club\Phat Planet.mp3,Phat Planet.mp3,HELD_PROBLEMS,HELD_PROBLEMS,"no reliable parse (method=unknown, conf=0.0)"
C:\Users\suppo\Downloads\New Music\Top1000\Photo ｜ Singga ft Nikki Kaur ｜ Tru Makers ｜ Latest Punjabi Songs 2019.mp3,Photo ｜ Singga ft Nikki Kaur ｜ Tru Makers ｜ Latest Punjabi Songs 2019.mp3,HELD_PROBLEMS,REVIEW_REQUIRED,"illegal chars fixable (sanitize works), conf=0.3"
C:\Users\suppo\Downloads\New Music\Top1000\Por Las Malas.mp3,Por Las Malas.mp3,HELD_PROBLEMS,HELD_PROBLEMS,"no reliable parse (method=unknown, conf=0.0)"
C:\Users\suppo\Downloads\New Music\Top1000_Country\Post Monroe： ＂Dixie Dust＂.mp3,Post Monroe： ＂Dixie Dust＂.mp3,HELD_PROBLEMS,HELD_PROBLEMS,collision + low confidence
C:\Users\suppo\Downloads\New Music\Top1000_Country\Post Monroe： ＂Red Hot American Summer＂.mp3,Post Monroe： ＂Red Hot American Summer＂.mp3,HELD_PROBLEMS,HELD_PROBLEMS,collision + low confidence
C:\Users\suppo\Downloads\New Music\Top1000\Queen – Bohemian Rhapsody.mp3,Queen – Bohemian Rhapsody.mp3,HELD_PROBLEMS,REVIEW_REQUIRED,"has collision but parseable (conf=1.0), needs dup resolution"
"C:\Users\suppo\Downloads\New Music\Top1000_HipHop\Raekwon - Ice Cream ft. Ghostface Killah, Method Man, Cappadonna.mp3","Raekwon - Ice Cream ft. Ghostface Killah, Method Man, Cappadonna.mp3",HELD_PROBLEMS,REVIEW_REQUIRED,"has collision but parseable (conf=1.0), needs dup resolution"
C:\Users\suppo\Downloads\New Music\Top1000\Raiser Natty -.mp3,Raiser Natty -.mp3,HELD_PROBLEMS,HELD_PROBLEMS,"no reliable parse (method=unknown, conf=0.0)"
C:\Users\suppo\Downloads\New Music\Top1000_HipHop\Ras Kass ＂Miami Life＂ Explicit.mp3,Ras Kass ＂Miami Life＂ Explicit.mp3,HELD_PROBLEMS,HELD_PROBLEMS,"no reliable parse (method=unknown, conf=0.0)"
C:\Users\suppo\Downloads\New Music\Top1000_HipHop\Real Niggaz Dont Die.mp3,Real Niggaz Dont Die.mp3,HELD_PROBLEMS,REVIEW_REQUIRED,fallback parse but has Artist - Title format
C:\Users\suppo\Downloads\New Music\Top1000_HipHop\Rebirth Of Slick.mp3,Rebirth Of Slick.mp3,HELD_PROBLEMS,HELD_PROBLEMS,"no reliable parse (method=unknown, conf=0.0)"
C:\Users\suppo\Downloads\New Music\Top1000_Club\Redneck Music.mp3,Redneck Music.mp3,HELD_PROBLEMS,HELD_PROBLEMS,"no reliable parse (method=unknown, conf=0.0)"
C:\Users\suppo\Downloads\New Music\Top1000_HipHop\Renegade.mp3,Renegade.mp3,HELD_PROBLEMS,HELD_PROBLEMS,"no reliable parse (method=unknown, conf=0.0)"
"C:\Users\suppo\Downloads\New Music\Top1000_Jazz\Retro Jazz and Soul Hits 🎺Frank Sinatran, Norah Jones, Louis Armstrong, Ray Charles, Nat King Cole.mp3","Retro Jazz and Soul Hits 🎺Frank Sinatran, Norah Jones, Louis Armstrong, Ray Charles, Nat King Cole.mp3",HELD_PROBLEMS,REVIEW_REQUIRED,fallback parse but has Artist - Title format
"C:\Users\suppo\Downloads\New Music\Top1000_Motown\Rick James Greatest Hits Full Album 🎸 Best of Rick James ｜ Give It To Me Baby, Super Freak & More.mp3","Rick James Greatest Hits Full Album 🎸 Best of Rick James ｜ Give It To Me Baby, Super Freak & More.mp3",HELD_PROBLEMS,REVIEW_REQUIRED,"illegal chars fixable (sanitize works), conf=0.3"
"C:\Users\suppo\Downloads\New Music\Top1000_Motown\Rick James Greatest Hits Full Album 🎸 Best of Rick James ｜ Give It To Me Baby, Super Freak & More.temp.mp3","Rick James Greatest Hits Full Album 🎸 Best of Rick James ｜ Give It To Me Baby, Super Freak & More.temp.mp3",HELD_PROBLEMS,REVIEW_REQUIRED,"illegal chars fixable (sanitize works), conf=0.3"
C:\Users\suppo\Downloads\New Music\Top1000_Southern Rock\Ride on Sonny.mp3,Ride on Sonny.mp3,HELD_PROBLEMS,HELD_PROBLEMS,"no reliable parse (method=unknown, conf=0.0)"
C:\Users\suppo\Downloads\New Music\Top1000_Blues\Riding with the King.mp3,Riding with the King.mp3,HELD_PROBLEMS,REVIEW_REQUIRED,fallback parse but has Artist - Title format
C:\Users\suppo\Downloads\New Music\Top1000_Southern Rock\Rock N' Roll Channel.mp3,Rock N' Roll Channel.mp3,HELD_PROBLEMS,REVIEW_REQUIRED,fallback parse but has Artist - Title format
C:\Users\suppo\Downloads\New Music\Top1000_Club\Rogue Planet.mp3,Rogue Planet.mp3,HELD_PROBLEMS,HELD_PROBLEMS,"no reliable parse (method=unknown, conf=0.0)"
C:\Users\suppo\Downloads\New Music\Top1000_Club\Sahara.mp3,Sahara.mp3,HELD_PROBLEMS,HELD_PROBLEMS,"no reliable parse (method=unknown, conf=0.0)"
C:\Users\suppo\Downloads\New Music\Top1000_Club\Sam Feldt X Lucas & Steve feat Wulf - Summer on You.mp3,Sam Feldt X Lucas & Steve feat Wulf - Summer on You.mp3,HELD_PROBLEMS,REVIEW_REQUIRED,"has collision but parseable (conf=1.0), needs dup resolution"
C:\Users\suppo\Downloads\New Music\Top1000_Club\Sam Feldt x Lucas & Steve feat. Wulf - Summer On You.mp3,Sam Feldt x Lucas & Steve feat. Wulf - Summer On You.mp3,HELD_PROBLEMS,REVIEW_REQUIRED,"has collision but parseable (conf=1.0), needs dup resolution"
C:\Users\suppo\Downloads\New Music\Top1000_HipHop\Shut The F＊＊k Up! ~ MC Lyte.mp3,Shut The F＊＊k Up! ~ MC Lyte.mp3,HELD_PROBLEMS,REVIEW_REQUIRED,fallback parse but has Artist - Title format
C:\Users\suppo\Downloads\New Music\Top1000_Country\Shut Up And Fish.mp3,Shut Up And Fish.mp3,HELD_PROBLEMS,REVIEW_REQUIRED,fallback parse but has Artist - Title format
C:\Users\suppo\Downloads\New Music\Top1000_HipHop\Sippin On Some Syrup.mp3,Sippin On Some Syrup.mp3,HELD_PROBLEMS,REVIEW_REQUIRED,fallback parse but has Artist - Title format
C:\Users\suppo\Downloads\New Music\Top1000_HipHop\Slob On My Knob Three 6 Mafia.mp3,Slob On My Knob Three 6 Mafia.mp3,HELD_PROBLEMS,REVIEW_REQUIRED,fallback parse but has Artist - Title format
C:\Users\suppo\Downloads\New Music\Top1000_Motown\Smokey Robinson Greatest Hits 💿 Full Album ｜ Best Classic Soul & Motown Songs.mp3,Smokey Robinson Greatest Hits 💿 Full Album ｜ Best Classic Soul & Motown Songs.mp3,HELD_PROBLEMS,REVIEW_REQUIRED,"illegal chars fixable (sanitize works), conf=0.3"
C:\Users\suppo\Downloads\New Music\Top1000_Motown\Smokey Robinson Greatest Hits 💿 Full Album ｜ Best Classic Soul & Motown Songs.temp.mp3,Smokey Robinson Greatest Hits 💿 Full Album ｜ Best Classic Soul & Motown Songs.temp.mp3,HELD_PROBLEMS,REVIEW_REQUIRED,"illegal chars fixable (sanitize works), conf=0.3"
C:\Users\suppo\Downloads\New Music\Top1000_Country\Somewhere Between~Keith Whitley.mp3,Somewhere Between~Keith Whitley.mp3,HELD_PROBLEMS,HELD_PROBLEMS,"no reliable parse (method=unknown, conf=0.0)"
C:\Users\suppo\Downloads\New Music\Top1000_Country\Somewhere Else-Toby Keith Lyrics.mp3,Somewhere Else-Toby Keith Lyrics.mp3,HELD_PROBLEMS,REVIEW_REQUIRED,fallback parse but has Artist - Title format
C:\Users\suppo\Downloads\New Music\Top1000_Southern Rock\Southern Rock Channel.mp3,Southern Rock Channel.mp3,HELD_PROBLEMS,HELD_PROBLEMS,"no reliable parse (method=unknown, conf=0.0)"
C:\Users\suppo\Downloads\New Music\Top1000_Classical\St. Pauls Suite Gustav Holst 1. Jig.mp3,St. Pauls Suite Gustav Holst 1. Jig.mp3,HELD_PROBLEMS,REVIEW_REQUIRED,fallback parse but has Artist - Title format
C:\Users\suppo\Downloads\New Music\Top1000_Club\Stereo love.mp3,Stereo love.mp3,HELD_PROBLEMS,HELD_PROBLEMS,"no reliable parse (method=unknown, conf=0.0)"
C:\Users\suppo\Downloads\New Music\Top1000\Stormy Weather ｜ Beneath Velvet Skies ｜ 432Hz.mp3,Stormy Weather ｜ Beneath Velvet Skies ｜ 432Hz.mp3,HELD_PROBLEMS,REVIEW_REQUIRED,"illegal chars fixable (sanitize works), conf=0.3"
C:\Users\suppo\Downloads\New Music\Top1000_HipHop\Superstar.mp3,Superstar.mp3,HELD_PROBLEMS,HELD_PROBLEMS,"no reliable parse (method=unknown, conf=0.0)"
C:\Users\suppo\Downloads\New Music\Top1000_Classical\Symphony No. 9 ~ Beethoven.mp3,Symphony No. 9 ~ Beethoven.mp3,HELD_PROBLEMS,REVIEW_REQUIRED,fallback parse but has Artist - Title format
C:\Users\suppo\Downloads\New Music\Top1000_Hard Rock_Metal\Symphony Of Destruction (2004 Digital Remaster).mp3,Symphony Of Destruction (2004 Digital Remaster).mp3,HELD_PROBLEMS,HELD_PROBLEMS,"no reliable parse (method=unknown, conf=0.0)"
C:\Users\suppo\Downloads\New Music\Top1000_HipHop\Takeover.mp3,Takeover.mp3,HELD_PROBLEMS,HELD_PROBLEMS,"no reliable parse (method=unknown, conf=0.0)"
C:\Users\suppo\Downloads\New Music\Top1000_Blues\Tell Mama ~ Etta James.mp3,Tell Mama ~ Etta James.mp3,HELD_PROBLEMS,REVIEW_REQUIRED,fallback parse but has Artist - Title format
C:\Users\suppo\Downloads\New Music\Top1000\Tesoro.mp3,Tesoro.mp3,HELD_PROBLEMS,HELD_PROBLEMS,"no reliable parse (method=unknown, conf=0.0)"
C:\Users\suppo\Downloads\New Music\Top1000_Southern Rock\The  Band ...   the Weight  1969 @ woodstock live.mp3,The  Band ...   the Weight  1969 @ woodstock live.mp3,HELD_PROBLEMS,REVIEW_REQUIRED,fallback parse but has Artist - Title format
C:\Users\suppo\Downloads\New Music\Top1000_Opera\The 3 Tenors O Sole Mio 1994.mp3,The 3 Tenors O Sole Mio 1994.mp3,HELD_PROBLEMS,REVIEW_REQUIRED,fallback parse but has Artist - Title format
C:\Users\suppo\Downloads\New Music\Top1000_HipHop\The Adventures Of Grandmaster Flash On The Wheels Of Steel.mp3,The Adventures Of Grandmaster Flash On The Wheels Of Steel.mp3,HELD_PROBLEMS,REVIEW_REQUIRED,fallback parse but has Artist - Title format
C:\Users\suppo\Downloads\New Music\Top1000\The Chainsmokers - Closer (Lyric) ft. Halsey.mp3,The Chainsmokers - Closer (Lyric) ft. Halsey.mp3,HELD_PROBLEMS,REVIEW_REQUIRED,"has collision but parseable (conf=1.0), needs dup resolution"
C:\Users\suppo\Downloads\New Music\Top1000\The Chainsmokers - Closer ft. Halsey.mp3,The Chainsmokers - Closer ft. Halsey.mp3,HELD_PROBLEMS,REVIEW_REQUIRED,"has collision but parseable (conf=1.0), needs dup resolution"
C:\Users\suppo\Downloads\New Music\Top1000_Club\The Chainsmokers - Closer ft. Halsey.mp3,The Chainsmokers - Closer ft. Halsey.mp3,HELD_PROBLEMS,REVIEW_REQUIRED,"has collision but parseable (conf=1.0), needs dup resolution"
C:\Users\suppo\Downloads\New Music\Top1000_Disco\The Commodores-Brick House.mp3,The Commodores-Brick House.mp3,HELD_PROBLEMS,HELD_PROBLEMS,"no reliable parse (method=unknown, conf=0.0)"
C:\Users\suppo\Downloads\New Music\Top1000_Southern Rock\The Doobie Brothers Listen to the Music ~With Lyrics~.mp3,The Doobie Brothers Listen to the Music ~With Lyrics~.mp3,HELD_PROBLEMS,REVIEW_REQUIRED,fallback parse but has Artist - Title format
C:\Users\suppo\Downloads\New Music\Top1000_HipHop\The Fast and the Furious Soundtrack-Organic Audio-Nurega.mp3,The Fast and the Furious Soundtrack-Organic Audio-Nurega.mp3,HELD_PROBLEMS,REVIEW_REQUIRED,fallback parse but has Artist - Title format
C:\Users\suppo\Downloads\New Music\Top1000_HipHop\The Light.mp3,The Light.mp3,HELD_PROBLEMS,HELD_PROBLEMS,"no reliable parse (method=unknown, conf=0.0)"
C:\Users\suppo\Downloads\New Music\Top1000_Opera\The man with his crazy voice~~~.mp3,The man with his crazy voice~~~.mp3,HELD_PROBLEMS,REVIEW_REQUIRED,fallback parse but has Artist - Title format
C:\Users\suppo\Downloads\New Music\Top1000_HipHop\The Notorious B.I.G. - Hypnotize.mp3,The Notorious B.I.G. - Hypnotize.mp3,HELD_PROBLEMS,REVIEW_REQUIRED,"has collision but parseable (conf=1.0), needs dup resolution"
C:\Users\suppo\Downloads\New Music\Top1000_HipHop\The Notorious B.I.G. - Juicy.mp3,The Notorious B.I.G. - Juicy.mp3,HELD_PROBLEMS,REVIEW_REQUIRED,"has collision but parseable (conf=1.0), needs dup resolution"
C:\Users\suppo\Downloads\New Music\Top1000_HipHop\The Notorious B.I.G. - Warning.mp3,The Notorious B.I.G. - Warning.mp3,HELD_PROBLEMS,REVIEW_REQUIRED,"has collision but parseable (conf=1.0), needs dup resolution"
C:\Users\suppo\Downloads\New Music\Top1000_HipHop\The Notorious B.I.G. - Who Shot Ya？.mp3,The Notorious B.I.G. - Who Shot Ya？.mp3,HELD_PROBLEMS,REVIEW_REQUIRED,"has collision but parseable (conf=1.0), needs dup resolution"
C:\Users\suppo\Downloads\New Music\Top1000_Southern Rock\The Outlaws This Old Road.mp3,The Outlaws This Old Road.mp3,HELD_PROBLEMS,REVIEW_REQUIRED,fallback parse but has Artist - Title format
C:\Users\suppo\Downloads\New Music\Top1000_Jazz\The Rat Pack Best Songs 50s-70s ｜ Frank Sinatra & Dean Martin Greatest Hits 🎷Vintage Jazz.mp3,The Rat Pack Best Songs 50s-70s ｜ Frank Sinatra & Dean Martin Greatest Hits 🎷Vintage Jazz.mp3,HELD_PROBLEMS,REVIEW_REQUIRED,"illegal chars fixable (sanitize works), conf=0.3"
C:\Users\suppo\Downloads\New Music\Top1000_Motown\The Temptations Greatest Hits 🎶 Best Songs of the 60s & 70s ｜ Motown Soul Legends Full Album.mp3,The Temptations Greatest Hits 🎶 Best Songs of the 60s & 70s ｜ Motown Soul Legends Full Album.mp3,HELD_PROBLEMS,REVIEW_REQUIRED,"illegal chars fixable (sanitize works), conf=0.3"
C:\Users\suppo\Downloads\New Music\Top1000_Motown\The Temptations Greatest Hits 🎶 Best Songs of the 60s & 70s ｜ Motown Soul Legends Full Album.temp.mp3,The Temptations Greatest Hits 🎶 Best Songs of the 60s & 70s ｜ Motown Soul Legends Full Album.temp.mp3,HELD_PROBLEMS,REVIEW_REQUIRED,"illegal chars fixable (sanitize works), conf=0.3"
C:\Users\suppo\Downloads\New Music\Top1000_Jazz\The Ultimate 50s-60s Playlist 🎷Ella Fitzgerald & Louis Armstrong’s Greatest Duets 🎷Timeless Jazz.mp3,The Ultimate 50s-60s Playlist 🎷Ella Fitzgerald & Louis Armstrong’s Greatest Duets 🎷Timeless Jazz.mp3,HELD_PROBLEMS,REVIEW_REQUIRED,fallback parse but has Artist - Title format
C:\Users\suppo\Downloads\New Music\Top1000_Country\The World~Brad Paisley.mp3,The World~Brad Paisley.mp3,HELD_PROBLEMS,HELD_PROBLEMS,"no reliable parse (method=unknown, conf=0.0)"
C:\Users\suppo\Downloads\New Music\Top1000_HipHop\Thug Luv.mp3,Thug Luv.mp3,HELD_PROBLEMS,HELD_PROBLEMS,"no reliable parse (method=unknown, conf=0.0)"
C:\Users\suppo\Downloads\New Music\Top1000_Country\TOBY KEITHS Drinks After Work HD.mp3,TOBY KEITHS Drinks After Work HD.mp3,HELD_PROBLEMS,REVIEW_REQUIRED,fallback parse but has Artist - Title format
C:\Users\suppo\Downloads\New Music\Top1000_Classical\Toccata and Fugue in D Minor.mp3,Toccata and Fugue in D Minor.mp3,HELD_PROBLEMS,REVIEW_REQUIRED,fallback parse but has Artist - Title format
"C:\Users\suppo\Downloads\New Music\Top1000\TOESUP, Smiley - Two Feet.mp3","TOESUP, Smiley - Two Feet.mp3",HELD_PROBLEMS,REVIEW_REQUIRED,"has collision but parseable (conf=1.0), needs dup resolution"
C:\Users\suppo\Downloads\New Music\Top1000_Motown\Top 100 Motown Classics ｜ Soul & R&B Oldies from the 70s 80s 90s ｜ Timeless Hits Playlist.mp3,Top 100 Motown Classics ｜ Soul & R&B Oldies from the 70s 80s 90s ｜ Timeless Hits Playlist.mp3,HELD_PROBLEMS,REVIEW_REQUIRED,"illegal chars fixable (sanitize works), conf=0.3"
C:\Users\suppo\Downloads\New Music\Top1000_Motown\Top 100 Motown Classics ｜ Soul & R&B Oldies from the 70s 80s 90s ｜ Timeless Hits Playlist.temp.mp3,Top 100 Motown Classics ｜ Soul & R&B Oldies from the 70s 80s 90s ｜ Timeless Hits Playlist.temp.mp3,HELD_PROBLEMS,REVIEW_REQUIRED,"illegal chars fixable (sanitize works), conf=0.3"
"C:\Users\suppo\Downloads\New Music\Top1000_Motown\Top 100 Motown Soul Classics 🎙️ Timeless R&B Oldies from the 70s, 80s & 90s ｜ Soul Legends Forever.mp3","Top 100 Motown Soul Classics 🎙️ Timeless R&B Oldies from the 70s, 80s & 90s ｜ Soul Legends Forever.mp3",HELD_PROBLEMS,REVIEW_REQUIRED,"illegal chars fixable (sanitize works), conf=0.3"
"C:\Users\suppo\Downloads\New Music\Top1000_Motown\Top 100 Motown Soul Classics 🎙️ Timeless R&B Oldies from the 70s, 80s & 90s ｜ Soul Legends Forever.temp.mp3","Top 100 Motown Soul Classics 🎙️ Timeless R&B Oldies from the 70s, 80s & 90s ｜ Soul Legends Forever.temp.mp3",HELD_PROBLEMS,REVIEW_REQUIRED,"illegal chars fixable (sanitize works), conf=0.3"
C:\Users\suppo\Downloads\New Music\Top1000_Club\Top 1000 EDM songs of all time.mp3,Top 1000 EDM songs of all time.mp3,HELD_PROBLEMS,REVIEW_REQUIRED,fallback parse but has Artist - Title format
C:\Users\suppo\Downloads\New Music\Top1000_HipHop\Touch It.mp3,Touch It.mp3,HELD_PROBLEMS,HELD_PROBLEMS,"no reliable parse (method=unknown, conf=0.0)"
C:\Users\suppo\Downloads\New Music\Top1000\True kash x Plug Party.mp3,True kash x Plug Party.mp3,HELD_PROBLEMS,REVIEW_REQUIRED,fallback parse but has Artist - Title format
C:\Users\suppo\Downloads\New Music\Top1000_Jazz\Unforgettable Voice Of Nat King Cole👑King of Smooth👑Full Album Playlist ｜ Vintage Jazz.mp3,Unforgettable Voice Of Nat King Cole👑King of Smooth👑Full Album Playlist ｜ Vintage Jazz.mp3,HELD_PROBLEMS,REVIEW_REQUIRED,"illegal chars fixable (sanitize works), conf=0.3"
C:\Users\suppo\Downloads\New Music\Top1000_Opera\Verdi’s Anvil Chorus from Il trovatore.mp3,Verdi’s Anvil Chorus from Il trovatore.mp3,HELD_PROBLEMS,REVIEW_REQUIRED,fallback parse but has Artist - Title format
C:\Users\suppo\Downloads\New Music\Top1000_Southern Rock\Warren Haynes-Blue radio.mp3,Warren Haynes-Blue radio.mp3,HELD_PROBLEMS,HELD_PROBLEMS,"no reliable parse (method=unknown, conf=0.0)"
C:\Users\suppo\Downloads\New Music\Top1000_Hard Rock_Metal\Welcome to My Nightmare.mp3,Welcome to My Nightmare.mp3,HELD_PROBLEMS,REVIEW_REQUIRED,fallback parse but has Artist - Title format
C:\Users\suppo\Downloads\New Music\Top1000_HipHop\Whats The Difference.mp3,Whats The Difference.mp3,HELD_PROBLEMS,HELD_PROBLEMS,"no reliable parse (method=unknown, conf=0.0)"
C:\Users\suppo\Downloads\New Music\Top1000_Club\Why Not.mp3,Why Not.mp3,HELD_PROBLEMS,HELD_PROBLEMS,"no reliable parse (method=unknown, conf=0.0)"
C:\Users\suppo\Downloads\New Music\Top1000_Blues\Willie Dixon-Im Your Hoochie Coochie Man.mp3,Willie Dixon-Im Your Hoochie Coochie Man.mp3,HELD_PROBLEMS,REVIEW_REQUIRED,fallback parse but has Artist - Title format
C:\Users\suppo\Downloads\New Music\Top1000_Blues\Willie Dixon-The Little Red Rooster.mp3,Willie Dixon-The Little Red Rooster.mp3,HELD_PROBLEMS,REVIEW_REQUIRED,fallback parse but has Artist - Title format
C:\Users\suppo\Downloads\New Music\Top1000_Blues\Willie Dixon-The Same Thing.mp3,Willie Dixon-The Same Thing.mp3,HELD_PROBLEMS,REVIEW_REQUIRED,fallback parse but has Artist - Title format
C:\Users\suppo\Downloads\New Music\Top1000_Blues\Willie Dixon-The Seventh Son.mp3,Willie Dixon-The Seventh Son.mp3,HELD_PROBLEMS,REVIEW_REQUIRED,fallback parse but has Artist - Title format
C:\Users\suppo\Downloads\New Music\Top1000_Southern Rock\Wilson Pickett   Born To Be Wild.mp3,Wilson Pickett   Born To Be Wild.mp3,HELD_PROBLEMS,REVIEW_REQUIRED,fallback parse but has Artist - Title format
C:\Users\suppo\Downloads\New Music\Top1000_HipHop\Wu-Tang Clan - C.R.E.A.M..mp3,Wu-Tang Clan - C.R.E.A.M..mp3,HELD_PROBLEMS,REVIEW_REQUIRED,"has collision but parseable (conf=1.0), needs dup resolution"
C:\Users\suppo\Downloads\New Music\Top1000_HipHop\Wu-Tang Clan - Triumph ft. Cappadonna.mp3,Wu-Tang Clan - Triumph ft. Cappadonna.mp3,HELD_PROBLEMS,REVIEW_REQUIRED,"has collision but parseable (conf=1.0), needs dup resolution"
C:\Users\suppo\Downloads\New Music\Top1000_HipHop\Xxplosive.mp3,Xxplosive.mp3,HELD_PROBLEMS,HELD_PROBLEMS,"no reliable parse (method=unknown, conf=0.0)"
C:\Users\suppo\Downloads\New Music\Top1000_Hard Rock_Metal\You Can't Kill Rock and Roll.mp3,You Can't Kill Rock and Roll.mp3,HELD_PROBLEMS,REVIEW_REQUIRED,fallback parse but has Artist - Title format
C:\Users\suppo\Downloads\New Music\Top1000_Country\You Shouldnt Kiss Me Like This-Toby Keith+Lyrics.mp3,You Shouldnt Kiss Me Like This-Toby Keith+Lyrics.mp3,HELD_PROBLEMS,REVIEW_REQUIRED,fallback parse but has Artist - Title format
C:\Users\suppo\Downloads\New Music\Top1000_HipHop\Young Jeezy ft Fabo Geeked Up.mp3,Young Jeezy ft Fabo Geeked Up.mp3,HELD_PROBLEMS,REVIEW_REQUIRED,fallback parse but has Artist - Title format
C:\Users\suppo\Downloads\New Music\Top1000_HipHop\Young MC ＂Bust A Move＂.mp3,Young MC ＂Bust A Move＂.mp3,HELD_PROBLEMS,HELD_PROBLEMS,"no reliable parse (method=unknown, conf=0.0)"
C:\Users\suppo\Downloads\New Music\Top1000_Country\Zac Brown Band- Day That I Die W⧸Lyrics.mp3,Zac Brown Band- Day That I Die W⧸Lyrics.mp3,HELD_PROBLEMS,REVIEW_REQUIRED,"illegal chars fixable (sanitize works), conf=0.3"
C:\Users\suppo\Downloads\New Music\Top1000\ช้ำคือเรา -.mp3,ช้ำคือเรา -.mp3,HELD_PROBLEMS,HELD_PROBLEMS,"no reliable parse (method=unknown, conf=0.0)"
"C:\Users\suppo\Downloads\New Music\Top1000_Opera\“She Get It” 🔥 Daj Dolla ft. OHGEESY, Jeezy Obama & 310BABII -.mp3","“She Get It” 🔥 Daj Dolla ft. OHGEESY, Jeezy Obama & 310BABII -.mp3",HELD_PROBLEMS,REVIEW_REQUIRED,fallback parse but has Artist - Title format
C:\Users\suppo\Downloads\New Music\Top1000_Opera\＂Three Little Maids From School Are We＂.mp3,＂Three Little Maids From School Are We＂.mp3,HELD_PROBLEMS,HELD_PROBLEMS,"no reliable parse (method=unknown, conf=0.0)"
"C:\Users\suppo\Downloads\New Music\Top1000_Motown\🎶 100 Greatest Motown Songs Ever ｜ Classic Soul Hits of the 60s, 70s & 80s ✨ Motown Playlist 2025.mp3","🎶 100 Greatest Motown Songs Ever ｜ Classic Soul Hits of the 60s, 70s & 80s ✨ Motown Playlist 2025.mp3",HELD_PROBLEMS,REVIEW_REQUIRED,"illegal chars fixable (sanitize works), conf=0.3"
"C:\Users\suppo\Downloads\New Music\Top1000_Motown\🎶 100 Greatest Motown Songs Ever ｜ Classic Soul Hits of the 60s, 70s & 80s ✨ Motown Playlist 2025.temp.mp3","🎶 100 Greatest Motown Songs Ever ｜ Classic Soul Hits of the 60s, 70s & 80s ✨ Motown Playlist 2025.temp.mp3",HELD_PROBLEMS,REVIEW_REQUIRED,"illegal chars fixable (sanitize works), conf=0.3"
C:\Users\suppo\Downloads\New Music\Top1000_HipHop\2Pac - Hit Em Up HD.mp3,2Pac - Hit Em Up HD.mp3,HELD_PROBLEMS,HELD_PROBLEMS,Phase 7 hold: COMPLEX_DUPLICATE: requires explicit review
C:\Users\suppo\Downloads\New Music\Top1000\Alan Walker - Spectre.mp3,Alan Walker - Spectre.mp3,HELD_PROBLEMS,HELD_PROBLEMS,Phase 7 hold: COMPLEX_DUPLICATE: requires explicit review
C:\Users\suppo\Downloads\New Music\Top1000_HipHop\Bone Thugs N Harmony - 1st of tha Month.mp3,Bone Thugs N Harmony - 1st of tha Month.mp3,HELD_PROBLEMS,HELD_PROBLEMS,Phase 7 hold: COMPLEX_DUPLICATE: requires explicit review
C:\Users\suppo\Downloads\New Music\Top1000_HipHop\CamRon - Oh Boy ft. Juelz Santana.mp3,CamRon - Oh Boy ft. Juelz Santana.mp3,HELD_PROBLEMS,HELD_PROBLEMS,Phase 7 hold: COMPLEX_DUPLICATE: requires explicit review
C:\Users\suppo\Downloads\New Music\Top1000_Club\Dimitri Vegas & Like Mike vs W&W - Waves.mp3,Dimitri Vegas & Like Mike vs W&W - Waves.mp3,HELD_PROBLEMS,HELD_PROBLEMS,Phase 7 hold: COMPLEX_DUPLICATE: requires explicit review
C:\Users\suppo\Downloads\New Music\Top1000_HipHop\IceCube - Check Yo Self.mp3,IceCube - Check Yo Self.mp3,HELD_PROBLEMS,HELD_PROBLEMS,Phase 7 hold: COMPLEX_DUPLICATE: requires explicit review
C:\Users\suppo\Downloads\New Music\Top1000_Club\Martin Garrix - Now That I've Found You.mp3,Martin Garrix - Now That I've Found You.mp3,HELD_PROBLEMS,HELD_PROBLEMS,Phase 7 hold: COMPLEX_DUPLICATE: requires explicit review
C:\Users\suppo\Downloads\New Music\Top1000_HipHop\Snoop Dogg - Who Am I (What's My Name)？.mp3,Snoop Dogg - Who Am I (What's My Name)？.mp3,HELD_PROBLEMS,HELD_PROBLEMS,Phase 7 hold: COMPLEX_DUPLICATE: requires explicit review
C:\Users\suppo\Downloads\New Music\Top1000_Club\W&W & MOTi - Spack Jarrow.mp3,W&W & MOTi - Spack Jarrow.mp3,HELD_PROBLEMS,HELD_PROBLEMS,Phase 7 hold: COMPLEX_DUPLICATE: requires explicit review
C:\Users\suppo\Downloads\New Music\Top1000_HipHop\50 Cent - In Da Club.mp3,50 Cent - In Da Club.mp3,HELD_PROBLEMS,HELD_PROBLEMS,Phase 7 hold: COMPLEX_DUPLICATE: requires explicit review
C:\Users\suppo\Downloads\New Music\Top1000_Club\Alan Walker - Alone.mp3,Alan Walker - Alone.mp3,HELD_PROBLEMS,HELD_PROBLEMS,Phase 7 hold: COMPLEX_DUPLICATE: requires explicit review
C:\Users\suppo\Downloads\New Music\Top1000_Southern Rock\Allman Brothers Band - Soulshine.mp3,Allman Brothers Band - Soulshine.mp3,HELD_PROBLEMS,HELD_PROBLEMS,Phase 7 hold: COMPLEX_DUPLICATE: requires explicit review
C:\Users\suppo\Downloads\New Music\Top1000_Club\Calvin Harris - Summer.mp3,Calvin Harris - Summer.mp3,HELD_PROBLEMS,HELD_PROBLEMS,Phase 7 hold: COMPLEX_DUPLICATE: requires explicit review
"C:\Users\suppo\Downloads\New Music\Top1000_Club\Calvin Harris, Rihanna - This Is What You Came For.mp3","Calvin Harris, Rihanna - This Is What You Came For.mp3",HELD_PROBLEMS,HELD_PROBLEMS,Phase 7 hold: COMPLEX_DUPLICATE: requires explicit review
C:\Users\suppo\Downloads\New Music\Top1000_Club\Clean Bandit - Rockabye.mp3,Clean Bandit - Rockabye.mp3,HELD_PROBLEMS,HELD_PROBLEMS,Phase 7 hold: COMPLEX_DUPLICATE: requires explicit review
C:\Users\suppo\Downloads\New Music\Top1000_Club\Coldplay - Hymn For The Weekend.mp3,Coldplay - Hymn For The Weekend.mp3,HELD_PROBLEMS,HELD_PROBLEMS,Phase 7 hold: COMPLEX_DUPLICATE: requires explicit review
C:\Users\suppo\Downloads\New Music\Top1000_HipHop\Coolio - Gangstas Paradise ft. L.V..mp3,Coolio - Gangstas Paradise ft. L.V..mp3,HELD_PROBLEMS,HELD_PROBLEMS,Phase 7 hold: COMPLEX_DUPLICATE: requires explicit review
C:\Users\suppo\Downloads\New Music\Top1000_HipHop\Coolio - Gangstas Paradise.mp3,Coolio - Gangstas Paradise.mp3,HELD_PROBLEMS,HELD_PROBLEMS,Phase 7 hold: COMPLEX_DUPLICATE: requires explicit review
C:\Users\suppo\Downloads\New Music\Top1000_Club\DJ Snake - Let Me Love You ft. Justin Bieber (Marshmello Remix) [Premiere].mp3,DJ Snake - Let Me Love You ft. Justin Bieber (Marshmello Remix) [Premiere].mp3,HELD_PROBLEMS,HELD_PROBLEMS,Phase 7 hold: COMPLEX_DUPLICATE: requires explicit review
C:\Users\suppo\Downloads\New Music\Top1000_HipHop\Dr. Dre - Still D.R.E. ft. Snoop Dogg.mp3,Dr. Dre - Still D.R.E. ft. Snoop Dogg.mp3,HELD_PROBLEMS,HELD_PROBLEMS,Phase 7 hold: COMPLEX_DUPLICATE: requires explicit review
C:\Users\suppo\Downloads\New Music\Top1000_HipHop\Eminem - Lose Yourself.mp3,Eminem - Lose Yourself.mp3,HELD_PROBLEMS,HELD_PROBLEMS,Phase 7 hold: COMPLEX_DUPLICATE: requires explicit review
C:\Users\suppo\Downloads\New Music\Top1000_HipHop\Eminem - Mockingbird.mp3,Eminem - Mockingbird.mp3,HELD_PROBLEMS,HELD_PROBLEMS,Phase 7 hold: COMPLEX_DUPLICATE: requires explicit review
C:\Users\suppo\Downloads\New Music\Top1000_HipHop\Eminem - Rap God.mp3,Eminem - Rap God.mp3,HELD_PROBLEMS,HELD_PROBLEMS,Phase 7 hold: COMPLEX_DUPLICATE: requires explicit review
C:\Users\suppo\Downloads\New Music\Top1000_HipHop\Eminem - Without Me.mp3,Eminem - Without Me.mp3,HELD_PROBLEMS,HELD_PROBLEMS,Phase 7 hold: COMPLEX_DUPLICATE: requires explicit review
"C:\Users\suppo\Downloads\New Music\Top1000_Jazz\Frank Sinatra, Nat King Cole, Ray Charles 🎷The Ultimate Jazz Playlist 🎶 Jazz Classics 50s 60s 70s.mp3","Frank Sinatra, Nat King Cole, Ray Charles 🎷The Ultimate Jazz Playlist 🎶 Jazz Classics 50s 60s 70s.mp3",HELD_PROBLEMS,HELD_PROBLEMS,Phase 7 hold: COMPLEX_DUPLICATE: requires explicit review
C:\Users\suppo\Downloads\New Music\Top1000_Club\Imagine Dragons - Believer.mp3,Imagine Dragons - Believer.mp3,HELD_PROBLEMS,HELD_PROBLEMS,Phase 7 hold: COMPLEX_DUPLICATE: requires explicit review
C:\Users\suppo\Downloads\New Music\Top1000_Club\Major Lazer - Cold Water.mp3,Major Lazer - Cold Water.mp3,HELD_PROBLEMS,HELD_PROBLEMS,Phase 7 hold: COMPLEX_DUPLICATE: requires explicit review
C:\Users\suppo\Downloads\New Music\Top1000_HipHop\Major Lazer - Cold Water.mp3,Major Lazer - Cold Water.mp3,HELD_PROBLEMS,HELD_PROBLEMS,Phase 7 hold: COMPLEX_DUPLICATE: requires explicit review
C:\Users\suppo\Downloads\New Music\Top1000_Club\Marshmello - Alone.mp3,Marshmello - Alone.mp3,HELD_PROBLEMS,HELD_PROBLEMS,Phase 7 hold: COMPLEX_DUPLICATE: requires explicit review
C:\Users\suppo\Downloads\New Music\Top1000_Disco\Michael Jackson - Billie Jean.mp3,Michael Jackson - Billie Jean.mp3,HELD_PROBLEMS,HELD_PROBLEMS,Phase 7 hold: COMPLEX_DUPLICATE: requires explicit review
C:\Users\suppo\Downloads\New Music\Top1000_Club\Mike Posner - I Took A Pill In Ibiza.mp3,Mike Posner - I Took A Pill In Ibiza.mp3,HELD_PROBLEMS,HELD_PROBLEMS,Phase 7 hold: COMPLEX_DUPLICATE: requires explicit review
C:\Users\suppo\Downloads\New Music\Top1000_HipHop\MIRA - Bad Booty ｜ Official Video.mp3,MIRA - Bad Booty ｜ Official Video.mp3,HELD_PROBLEMS,HELD_PROBLEMS,Phase 7 hold: COMPLEX_DUPLICATE: requires explicit review
C:\Users\suppo\Downloads\New Music\Top1000_HipHop\MIRA - Come With Me.mp3,MIRA - Come With Me.mp3,HELD_PROBLEMS,HELD_PROBLEMS,Phase 7 hold: COMPLEX_DUPLICATE: requires explicit review
C:\Users\suppo\Downloads\New Music\Top1000_HipHop\MIRA - Duro ｜ Lyric Video.mp3,MIRA - Duro ｜ Lyric Video.mp3,HELD_PROBLEMS,HELD_PROBLEMS,Phase 7 hold: COMPLEX_DUPLICATE: requires explicit review
C:\Users\suppo\Downloads\New Music\Top1000_HipHop\MIRA - Ladida ｜ Lyric Video.mp3,MIRA - Ladida ｜ Lyric Video.mp3,HELD_PROBLEMS,HELD_PROBLEMS,Phase 7 hold: COMPLEX_DUPLICATE: requires explicit review
C:\Users\suppo\Downloads\New Music\Top1000_HipHop\MIRA - Love Again.mp3,MIRA - Love Again.mp3,HELD_PROBLEMS,HELD_PROBLEMS,Phase 7 hold: COMPLEX_DUPLICATE: requires explicit review
C:\Users\suppo\Downloads\New Music\Top1000_Opera\MIRA - Love Again.mp3,MIRA - Love Again.mp3,HELD_PROBLEMS,HELD_PROBLEMS,Phase 7 hold: COMPLEX_DUPLICATE: requires explicit review
"C:\Users\suppo\Downloads\New Music\Top1000_HipHop\MIRA - Ring, Ring ｜ Official Video.mp3","MIRA - Ring, Ring ｜ Official Video.mp3",HELD_PROBLEMS,HELD_PROBLEMS,Phase 7 hold: COMPLEX_DUPLICATE: requires explicit review
"C:\Users\suppo\Downloads\New Music\Top1000_Opera\MIRA - Ring, Ring ｜ Official Video.mp3","MIRA - Ring, Ring ｜ Official Video.mp3",HELD_PROBLEMS,HELD_PROBLEMS,Phase 7 hold: COMPLEX_DUPLICATE: requires explicit review
C:\Users\suppo\Downloads\New Music\Top1000_Southern Rock\Steppenwolf - Born To Be Wild.mp3,Steppenwolf - Born To Be Wild.mp3,HELD_PROBLEMS,HELD_PROBLEMS,Phase 7 hold: COMPLEX_DUPLICATE: requires explicit review
C:\Users\suppo\Downloads\New Music\Top1000_Club\The Chainsmokers & Coldplay - Something Just Like This.mp3,The Chainsmokers & Coldplay - Something Just Like This.mp3,HELD_PROBLEMS,HELD_PROBLEMS,Phase 7 hold: COMPLEX_DUPLICATE: requires explicit review
C:\Users\suppo\Downloads\New Music\Top1000_Club\The Chainsmokers - Dont Let Me Down ft. Daya.mp3,The Chainsmokers - Dont Let Me Down ft. Daya.mp3,HELD_PROBLEMS,HELD_PROBLEMS,Phase 7 hold: COMPLEX_DUPLICATE: requires explicit review
C:\Users\suppo\Downloads\New Music\Top1000_Club\The Weeknd - Cant Feel My Face.mp3,The Weeknd - Cant Feel My Face.mp3,HELD_PROBLEMS,HELD_PROBLEMS,Phase 7 hold: COMPLEX_DUPLICATE: requires explicit review
C:\Users\suppo\Downloads\New Music\Top1000_Club\The Weeknd - I Feel It Coming ft. Daft Punk.mp3,The Weeknd - I Feel It Coming ft. Daft Punk.mp3,HELD_PROBLEMS,HELD_PROBLEMS,Phase 7 hold: COMPLEX_DUPLICATE: requires explicit review
C:\Users\suppo\Downloads\New Music\Top1000_Club\The Weeknd - Starboy ft. Daft Punk ft. Daft Punk.mp3,The Weeknd - Starboy ft. Daft Punk ft. Daft Punk.mp3,HELD_PROBLEMS,HELD_PROBLEMS,Phase 7 hold: COMPLEX_DUPLICATE: requires explicit review
C:\Users\suppo\Downloads\New Music\Top1000_Club\Tove Lo - Habits - Hippie Sabotage Remix.mp3,Tove Lo - Habits - Hippie Sabotage Remix.mp3,HELD_PROBLEMS,HELD_PROBLEMS,Phase 7 hold: COMPLEX_DUPLICATE: requires explicit review
C:\Users\suppo\Downloads\New Music\Top1000_Symphonic_Power Metal\WARKINGS - Heart of Rage feat. Morgana le Fay (Official Video) ｜ Napalm Records.mp3,WARKINGS - Heart of Rage feat. Morgana le Fay (Official Video) ｜ Napalm Records.mp3,HELD_PROBLEMS,HELD_PROBLEMS,Phase 7 hold: COMPLEX_DUPLICATE: requires explicit review
