file_path,primary_file,action,exists_on_disk
C:\Users\suppo\Downloads\New Music\Top1000\50 Cent - In Da Club.mp3,C:\Users\suppo\Downloads\New Music\Top1000\50 Cent - In Da Club.mp3,KEEP,yes
C:\Users\suppo\Downloads\New Music\Top1000\Alan Walker - Alone.mp3,C:\Users\suppo\Downloads\New Music\Top1000\Alan Walker - Alone.mp3,KEEP,yes
C:\Users\suppo\Downloads\New Music\Top1000\Alan Walker - Spectre.mp3,C:\Users\suppo\Downloads\New Music\Top1000\Alan Walker - The Spectre.mp3,DELETE,yes
C:\Users\suppo\Downloads\New Music\Top1000\Alan Walker - The Spectre.mp3,C:\Users\suppo\Downloads\New Music\Top1000\Alan Walker - The Spectre.mp3,KEEP,yes
C:\Users\suppo\Downloads\New Music\Top1000\Calvin Harris - Summer.mp3,C:\Users\suppo\Downloads\New Music\Top1000\Calvin Harris - Summer.mp3,KEEP,yes
"C:\Users\suppo\Downloads\New Music\Top1000\Calvin Harris, Rihanna - This Is What You Came For.mp3","C:\Users\suppo\Downloads\New Music\Top1000\Calvin Harris, Rihanna - This Is What You Came For.mp3",KEEP,yes
C:\Users\suppo\Downloads\New Music\Top1000\Clean Bandit - Rockabye.mp3,C:\Users\suppo\Downloads\New Music\Top1000\Clean Bandit - Rockabye.mp3,KEEP,yes
C:\Users\suppo\Downloads\New Music\Top1000\Coldplay - Hymn For The Weekend.mp3,C:\Users\suppo\Downloads\New Music\Top1000\Coldplay - Hymn For The Weekend.mp3,KEEP,yes
C:\Users\suppo\Downloads\New Music\Top1000\Coolio - Gangstas Paradise ft. L.V..mp3,C:\Users\suppo\Downloads\New Music\Top1000\Coolio - Gangstas Paradise ft. L.V..mp3,KEEP,yes
C:\Users\suppo\Downloads\New Music\Top1000\Coolio - Gangstas Paradise.mp3,C:\Users\suppo\Downloads\New Music\Top1000\Coolio - Gangstas Paradise.mp3,KEEP,yes
C:\Users\suppo\Downloads\New Music\Top1000\DJ Snake - Let Me Love You ft. Justin Bieber.mp3,C:\Users\suppo\Downloads\New Music\Top1000\DJ Snake - Let Me Love You ft. Justin Bieber.mp3,KEEP,yes
C:\Users\suppo\Downloads\New Music\Top1000\Dax - ＂Gods Eyes＂.mp3,C:\Users\suppo\Downloads\New Music\Top1000\Dax - ＂The Devils Calling＂.mp3,DELETE,yes
C:\Users\suppo\Downloads\New Music\Top1000\Dax - ＂PTSD＂.mp3,C:\Users\suppo\Downloads\New Music\Top1000\Dax - ＂The Devils Calling＂.mp3,DELETE,yes
C:\Users\suppo\Downloads\New Music\Top1000\Dax - ＂The Devils Calling＂.mp3,C:\Users\suppo\Downloads\New Music\Top1000\Dax - ＂The Devils Calling＂.mp3,KEEP,yes
C:\Users\suppo\Downloads\New Music\Top1000\Dax - ＂To Be A Man＂.mp3,C:\Users\suppo\Downloads\New Music\Top1000\Dax - ＂The Devils Calling＂.mp3,DELETE,yes
C:\Users\suppo\Downloads\New Music\Top1000\Dr. Dre - Still D.R.E. ft. Snoop Dogg.mp3,C:\Users\suppo\Downloads\New Music\Top1000\Dr. Dre - Still D.R.E. ft. Snoop Dogg.mp3,KEEP,yes
C:\Users\suppo\Downloads\New Music\Top1000\Eminem - Lose Yourself.mp3,C:\Users\suppo\Downloads\New Music\Top1000\Eminem - Lose Yourself.mp3,KEEP,yes
C:\Users\suppo\Downloads\New Music\Top1000\Eminem - Mockingbird.mp3,C:\Users\suppo\Downloads\New Music\Top1000\Eminem - Mockingbird.mp3,KEEP,yes
C:\Users\suppo\Downloads\New Music\Top1000\Eminem - Rap God.mp3,C:\Users\suppo\Downloads\New Music\Top1000\Eminem - Rap God.mp3,KEEP,yes
C:\Users\suppo\Downloads\New Music\Top1000\Eminem - Without Me.mp3,C:\Users\suppo\Downloads\New Music\Top1000\Eminem - Without Me.mp3,KEEP,yes
C:\Users\suppo\Downloads\New Music\Top1000\George Michael - Careless Whisper (Official 4K Video).mp3,C:\Users\suppo\Downloads\New Music\Top1000\George Michael - Careless Whisper.mp3,DELETE,yes
C:\Users\suppo\Downloads\New Music\Top1000\George Michael - Careless Whisper.mp3,C:\Users\suppo\Downloads\New Music\Top1000\George Michael - Careless Whisper.mp3,KEEP,yes
C:\Users\suppo\Downloads\New Music\Top1000\Imagine Dragons - Believer.mp3,C:\Users\suppo\Downloads\New Music\Top1000\Imagine Dragons - Believer.mp3,KEEP,yes
C:\Users\suppo\Downloads\New Music\Top1000\Kelly Clarkson - me.mp3,C:\Users\suppo\Downloads\New Music\Top1000\Kelly Clarkson - mine.mp3,DELETE,yes
"C:\Users\suppo\Downloads\New Music\Top1000\LMFAO - Party Rock Anthem (Audio) ft. Lauren Bennett, GoonRock.mp3","C:\Users\suppo\Downloads\New Music\Top1000\LMFAO - Party Rock Anthem ft. Lauren Bennett, GoonRock.mp3",DELETE,yes
"C:\Users\suppo\Downloads\New Music\Top1000\LMFAO - Party Rock Anthem ft. Lauren Bennett, GoonRock.mp3","C:\Users\suppo\Downloads\New Music\Top1000\LMFAO - Party Rock Anthem ft. Lauren Bennett, GoonRock.mp3",KEEP,yes
C:\Users\suppo\Downloads\New Music\Top1000\MIRA - Bad Booty ｜ Official Video.mp3,C:\Users\suppo\Downloads\New Music\Top1000\MIRA - Bad Booty ｜ Official Video.mp3,KEEP,yes
C:\Users\suppo\Downloads\New Music\Top1000\MIRA - Come With Me.mp3,C:\Users\suppo\Downloads\New Music\Top1000\MIRA - Come With Me.mp3,KEEP,yes
C:\Users\suppo\Downloads\New Music\Top1000\MIRA - Duro ｜ Lyric Video.mp3,C:\Users\suppo\Downloads\New Music\Top1000\MIRA - Duro ｜ Lyric Video.mp3,KEEP,yes
C:\Users\suppo\Downloads\New Music\Top1000\MIRA - Ladida ｜ Lyric Video.mp3,C:\Users\suppo\Downloads\New Music\Top1000\MIRA - Ladida ｜ Lyric Video.mp3,KEEP,yes
C:\Users\suppo\Downloads\New Music\Top1000\MIRA - Love Again.mp3,C:\Users\suppo\Downloads\New Music\Top1000\MIRA - Love Again.mp3,KEEP,yes
"C:\Users\suppo\Downloads\New Music\Top1000\MIRA - Ring, Ring ｜ Official Video.mp3","C:\Users\suppo\Downloads\New Music\Top1000\MIRA - Ring, Ring ｜ Official Video.mp3",KEEP,yes
C:\Users\suppo\Downloads\New Music\Top1000\Major Lazer - Cold Water.mp3,C:\Users\suppo\Downloads\New Music\Top1000\Major Lazer - Cold Water.mp3,KEEP,yes
C:\Users\suppo\Downloads\New Music\Top1000\Marshmello - Alone.mp3,C:\Users\suppo\Downloads\New Music\Top1000\Marshmello - Alone.mp3,KEEP,yes
C:\Users\suppo\Downloads\New Music\Top1000\Martin Garrix - Animals (Official Video).mp3,C:\Users\suppo\Downloads\New Music\Top1000\Martin Garrix - Animals.mp3,DELETE,yes
C:\Users\suppo\Downloads\New Music\Top1000\Martin Garrix - Animals.mp3,C:\Users\suppo\Downloads\New Music\Top1000\Martin Garrix - Animals.mp3,KEEP,yes
C:\Users\suppo\Downloads\New Music\Top1000\Michael Jackson - Billie Jean.mp3,C:\Users\suppo\Downloads\New Music\Top1000\Michael Jackson - Billie Jean.mp3,KEEP,yes
C:\Users\suppo\Downloads\New Music\Top1000\Mike Posner - I Took A Pill In Ibiza.mp3,C:\Users\suppo\Downloads\New Music\Top1000\Mike Posner - I Took A Pill In Ibiza.mp3,KEEP,yes
C:\Users\suppo\Downloads\New Music\Top1000\Nirvana - Smells Like Teen Spirit.mp3,C:\Users\suppo\Downloads\New Music\Top1000\Nirvana - Smells Like Teen Spirit.mp3,KEEP,yes
C:\Users\suppo\Downloads\New Music\Top1000\Queen – Bohemian Rhapsody.mp3,C:\Users\suppo\Downloads\New Music\Top1000_Hard Rock_Metal\Queen - Bohemian Rhapsody (2011 Digital Remaster).mp3,DELETE,yes
"C:\Users\suppo\Downloads\New Music\Top1000\TOESUP, Smiley - Two Feet (DJ Dark Remix).mp3","C:\Users\suppo\Downloads\New Music\Top1000\TOESUP, Smiley - Two Feet (DJ Dark Remix).mp3",KEEP,yes
"C:\Users\suppo\Downloads\New Music\Top1000\TOESUP, Smiley - Two Feet.mp3","C:\Users\suppo\Downloads\New Music\Top1000\TOESUP, Smiley - Two Feet (DJ Dark Remix).mp3",DELETE,yes
C:\Users\suppo\Downloads\New Music\Top1000\The Chainsmokers & Coldplay - Something Just Like This.mp3,C:\Users\suppo\Downloads\New Music\Top1000\The Chainsmokers & Coldplay - Something Just Like This.mp3,KEEP,yes
C:\Users\suppo\Downloads\New Music\Top1000\The Chainsmokers - Closer (Lyric) ft. Halsey.mp3,C:\Users\suppo\Downloads\New Music\Top1000_Club\The Chainsmokers - Closer ft. Halsey.mp3,DELETE,no
C:\Users\suppo\Downloads\New Music\Top1000\The Chainsmokers - Closer ft. Halsey.mp3,C:\Users\suppo\Downloads\New Music\Top1000_Club\The Chainsmokers - Closer ft. Halsey.mp3,DELETE,yes
C:\Users\suppo\Downloads\New Music\Top1000\The Chainsmokers - Dont Let Me Down ft. Daya.mp3,C:\Users\suppo\Downloads\New Music\Top1000\The Chainsmokers - Dont Let Me Down ft. Daya.mp3,KEEP,yes
C:\Users\suppo\Downloads\New Music\Top1000\The Weeknd - Cant Feel My Face.mp3,C:\Users\suppo\Downloads\New Music\Top1000\The Weeknd - Cant Feel My Face.mp3,KEEP,yes
C:\Users\suppo\Downloads\New Music\Top1000\The Weeknd - I Feel It Coming ft. Daft Punk.mp3,C:\Users\suppo\Downloads\New Music\Top1000\The Weeknd - I Feel It Coming ft. Daft Punk.mp3,KEEP,yes
C:\Users\suppo\Downloads\New Music\Top1000\The Weeknd - Starboy ft. Daft Punk ft. Daft Punk.mp3,C:\Users\suppo\Downloads\New Music\Top1000\The Weeknd - Starboy ft. Daft Punk ft. Daft Punk.mp3,KEEP,yes
C:\Users\suppo\Downloads\New Music\Top1000\Tove Lo - Habits - Hippie Sabotage Remix.mp3,C:\Users\suppo\Downloads\New Music\Top1000\Tove Lo - Habits - Hippie Sabotage Remix.mp3,KEEP,yes
C:\Users\suppo\Downloads\New Music\Top1000_Blues\Allman Brothers Band - Soulshine.mp3,C:\Users\suppo\Downloads\New Music\Top1000_Blues\Allman Brothers Band - Soulshine.mp3,KEEP,yes
C:\Users\suppo\Downloads\New Music\Top1000_Blues\sonny boy williamson help me.mp3,C:\Users\suppo\Downloads\New Music\Top1000_Blues\sonny boy williamson help me.mp3,KEEP,yes
C:\Users\suppo\Downloads\New Music\Top1000_Blues\sonny boy williamson help me (Alt 1).mp3,C:\Users\suppo\Downloads\New Music\Top1000_Blues\sonny boy williamson help me.mp3,DELETE,yes
C:\Users\suppo\Downloads\New Music\Top1000_Club\Alan Walker - Alone.mp3,C:\Users\suppo\Downloads\New Music\Top1000\Alan Walker - Alone.mp3,DELETE,no
C:\Users\suppo\Downloads\New Music\Top1000_Club\Alan Walker - Sing Me To Sleep (Marshmello Remix).mp3,C:\Users\suppo\Downloads\New Music\Top1000_Club\Alan Walker - Sing Me To Sleep (Marshmello Remix).mp3,KEEP,yes
C:\Users\suppo\Downloads\New Music\Top1000_Club\Alan Walker - Sing Me To Sleep.mp3,C:\Users\suppo\Downloads\New Music\Top1000_Club\Alan Walker - Sing Me To Sleep (Marshmello Remix).mp3,DELETE,yes
C:\Users\suppo\Downloads\New Music\Top1000_Club\Alesso - I Wanna Know (Alesso & Deniz Koyu Remix ⧸ Audio) ft. Nico & Vinz.mp3,C:\Users\suppo\Downloads\New Music\Top1000_Club\Alesso - I Wanna Know ft. Nico & Vinz.mp3,DELETE,yes
C:\Users\suppo\Downloads\New Music\Top1000_Club\Alesso - I Wanna Know ft. Nico & Vinz.mp3,C:\Users\suppo\Downloads\New Music\Top1000_Club\Alesso - I Wanna Know ft. Nico & Vinz.mp3,KEEP,yes
C:\Users\suppo\Downloads\New Music\Top1000_Club\Axwell Λ Ingrosso - Thinking About You (Festival Mix).mp3,C:\Users\suppo\Downloads\New Music\Top1000_Club\Axwell Λ Ingrosso - Thinking About You (Festival Mix).mp3,KEEP,yes
C:\Users\suppo\Downloads\New Music\Top1000_Club\Axwell Λ Ingrosso - Thinking About You.mp3,C:\Users\suppo\Downloads\New Music\Top1000_Club\Axwell Λ Ingrosso - Thinking About You (Festival Mix).mp3,DELETE,yes
C:\Users\suppo\Downloads\New Music\Top1000_Club\Calvin Harris - Summer.mp3,C:\Users\suppo\Downloads\New Music\Top1000\Calvin Harris - Summer.mp3,DELETE,no
"C:\Users\suppo\Downloads\New Music\Top1000_Club\Calvin Harris, Rihanna - This Is What You Came For.mp3","C:\Users\suppo\Downloads\New Music\Top1000\Calvin Harris, Rihanna - This Is What You Came For.mp3",DELETE,no
C:\Users\suppo\Downloads\New Music\Top1000_Club\Clean Bandit - Rockabye.mp3,C:\Users\suppo\Downloads\New Music\Top1000\Clean Bandit - Rockabye.mp3,DELETE,no
C:\Users\suppo\Downloads\New Music\Top1000_Club\Coldplay - Hymn For The Weekend.mp3,C:\Users\suppo\Downloads\New Music\Top1000\Coldplay - Hymn For The Weekend.mp3,DELETE,yes
C:\Users\suppo\Downloads\New Music\Top1000_Club\DJ Snake - Let Me Love You ft. Justin Bieber (Marshmello Remix) [Premiere].mp3,C:\Users\suppo\Downloads\New Music\Top1000\DJ Snake - Let Me Love You ft. Justin Bieber.mp3,DELETE,yes
C:\Users\suppo\Downloads\New Music\Top1000_Club\DJ Snake - Let Me Love You ft. Justin Bieber.mp3,C:\Users\suppo\Downloads\New Music\Top1000\DJ Snake - Let Me Love You ft. Justin Bieber.mp3,DELETE,no
C:\Users\suppo\Downloads\New Music\Top1000_Club\Dimitri Vegas & Like Mike ft. Wolfpack & Katy B - Find Tomorrow (Ocarina) (Official Videoclip).mp3,C:\Users\suppo\Downloads\New Music\Top1000_Club\Dimitri Vegas & Like Mike ft. Wolfpack & Katy B - Find Tomorrow.mp3,DELETE,yes
C:\Users\suppo\Downloads\New Music\Top1000_Club\Dimitri Vegas & Like Mike ft. Wolfpack & Katy B - Find Tomorrow.mp3,C:\Users\suppo\Downloads\New Music\Top1000_Club\Dimitri Vegas & Like Mike ft. Wolfpack & Katy B - Find Tomorrow.mp3,KEEP,yes
C:\Users\suppo\Downloads\New Music\Top1000_Club\Dimitri Vegas & Like Mike vs Sander van Doorn - Project T (Martin Garrix Remix).mp3,C:\Users\suppo\Downloads\New Music\Top1000_Club\Dimitri Vegas & Like Mike vs Sander van Doorn - Project T.mp3,DELETE,yes
C:\Users\suppo\Downloads\New Music\Top1000_Club\Dimitri Vegas & Like Mike vs Sander van Doorn - Project T.mp3,C:\Users\suppo\Downloads\New Music\Top1000_Club\Dimitri Vegas & Like Mike vs Sander van Doorn - Project T.mp3,KEEP,yes
C:\Users\suppo\Downloads\New Music\Top1000_Club\Dimitri Vegas & Like Mike vs W&W - Arcade.mp3,C:\Users\suppo\Downloads\New Music\Top1000_Club\Dimitri Vegas & Like Mike vs W&W - Arcade.mp3,KEEP,yes
C:\Users\suppo\Downloads\New Music\Top1000_Club\Dimitri Vegas & Like Mike vs W&W - Waves.mp3,C:\Users\suppo\Downloads\New Music\Top1000_Club\Dimitri Vegas & Like Mike vs W&W - Arcade.mp3,DELETE,yes
C:\Users\suppo\Downloads\New Music\Top1000_Club\Imagine Dragons - Believer.mp3,C:\Users\suppo\Downloads\New Music\Top1000\Imagine Dragons - Believer.mp3,DELETE,no
C:\Users\suppo\Downloads\New Music\Top1000_Club\Major Lazer - Cold Water.mp3,C:\Users\suppo\Downloads\New Music\Top1000\Major Lazer - Cold Water.mp3,DELETE,yes
C:\Users\suppo\Downloads\New Music\Top1000_Club\Marshmello - Alone.mp3,C:\Users\suppo\Downloads\New Music\Top1000\Marshmello - Alone.mp3,DELETE,no
C:\Users\suppo\Downloads\New Music\Top1000_Club\Martin Garrix - Now That I've Found You.mp3,C:\Users\suppo\Downloads\New Music\Top1000_Club\Martin Garrix - Now That Ive Found You.mp3,DELETE,no
C:\Users\suppo\Downloads\New Music\Top1000_Club\Martin Garrix - Now That Ive Found You.mp3,C:\Users\suppo\Downloads\New Music\Top1000_Club\Martin Garrix - Now That Ive Found You.mp3,KEEP,yes
C:\Users\suppo\Downloads\New Music\Top1000_Club\Mike Posner - I Took A Pill In Ibiza.mp3,C:\Users\suppo\Downloads\New Music\Top1000\Mike Posner - I Took A Pill In Ibiza.mp3,DELETE,yes
C:\Users\suppo\Downloads\New Music\Top1000_Club\Sam Feldt X Lucas & Steve feat Wulf - Summer on You.mp3,C:\Users\suppo\Downloads\New Music\Top1000_Club\Sam Feldt X Lucas & Steve feat Wulf - Summer on You.mp3,KEEP,yes
C:\Users\suppo\Downloads\New Music\Top1000_Club\Sam Feldt x Lucas & Steve feat. Wulf - Summer On You.mp3,C:\Users\suppo\Downloads\New Music\Top1000_Club\Sam Feldt X Lucas & Steve feat Wulf - Summer on You.mp3,DELETE,yes
C:\Users\suppo\Downloads\New Music\Top1000_Club\The Chainsmokers & Coldplay - Something Just Like This.mp3,C:\Users\suppo\Downloads\New Music\Top1000\The Chainsmokers & Coldplay - Something Just Like This.mp3,DELETE,no
C:\Users\suppo\Downloads\New Music\Top1000_Club\The Chainsmokers - Closer ft. Halsey.mp3,C:\Users\suppo\Downloads\New Music\Top1000_Club\The Chainsmokers - Closer ft. Halsey.mp3,KEEP,yes
C:\Users\suppo\Downloads\New Music\Top1000_Club\The Chainsmokers - Dont Let Me Down ft. Daya.mp3,C:\Users\suppo\Downloads\New Music\Top1000\The Chainsmokers - Dont Let Me Down ft. Daya.mp3,DELETE,yes
C:\Users\suppo\Downloads\New Music\Top1000_Club\The Weeknd - Cant Feel My Face.mp3,C:\Users\suppo\Downloads\New Music\Top1000\The Weeknd - Cant Feel My Face.mp3,DELETE,yes
C:\Users\suppo\Downloads\New Music\Top1000_Club\The Weeknd - I Feel It Coming ft. Daft Punk.mp3,C:\Users\suppo\Downloads\New Music\Top1000\The Weeknd - I Feel It Coming ft. Daft Punk.mp3,DELETE,no
C:\Users\suppo\Downloads\New Music\Top1000_Club\The Weeknd - Starboy ft. Daft Punk ft. Daft Punk.mp3,C:\Users\suppo\Downloads\New Music\Top1000\The Weeknd - Starboy ft. Daft Punk ft. Daft Punk.mp3,DELETE,no
C:\Users\suppo\Downloads\New Music\Top1000_Club\Tove Lo - Habits - Hippie Sabotage Remix.mp3,C:\Users\suppo\Downloads\New Music\Top1000\Tove Lo - Habits - Hippie Sabotage Remix.mp3,DELETE,no
C:\Users\suppo\Downloads\New Music\Top1000_Club\W&W & MOTi - Spack Jarrow.mp3,C:\Users\suppo\Downloads\New Music\Top1000_Club\W&W and MOTi - Spack Jarrow.mp3,DELETE,yes
C:\Users\suppo\Downloads\New Music\Top1000_Club\W&W and MOTi - Spack Jarrow.mp3,C:\Users\suppo\Downloads\New Music\Top1000_Club\W&W and MOTi - Spack Jarrow.mp3,KEEP,yes
C:\Users\suppo\Downloads\New Music\Top1000_Country\Chris Janson - ＂Buy Me A Boat＂.mp3,C:\Users\suppo\Downloads\New Music\Top1000_Country\Chris Janson - ＂Buy Me A Boat＂.mp3,KEEP,yes
C:\Users\suppo\Downloads\New Music\Top1000_Country\Chris Janson - ＂Power of Positive Drinkin＂.mp3,C:\Users\suppo\Downloads\New Music\Top1000_Country\Chris Janson - ＂Buy Me A Boat＂.mp3,DELETE,yes
C:\Users\suppo\Downloads\New Music\Top1000_Country\Easton Corbin - A Little More Country Than That (Official Video).mp3,C:\Users\suppo\Downloads\New Music\Top1000_Country\Easton Corbin - A Little More Country Than That.mp3,DELETE,yes
C:\Users\suppo\Downloads\New Music\Top1000_Country\Easton Corbin - A Little More Country Than That.mp3,C:\Users\suppo\Downloads\New Music\Top1000_Country\Easton Corbin - A Little More Country Than That.mp3,KEEP,yes
C:\Users\suppo\Downloads\New Music\Top1000_Country\Eric Church - Over When It's Over (Music Video).mp3,C:\Users\suppo\Downloads\New Music\Top1000_Country\Eric Church - Over When Its Over.mp3,DELETE,yes
C:\Users\suppo\Downloads\New Music\Top1000_Country\Kacey Musgraves - Biscuits (Official Lyric Video).mp3,C:\Users\suppo\Downloads\New Music\Top1000_Country\Kacey Musgraves - Biscuits.mp3,DELETE,yes
C:\Users\suppo\Downloads\New Music\Top1000_Country\Kacey Musgraves - Biscuits.mp3,C:\Users\suppo\Downloads\New Music\Top1000_Country\Kacey Musgraves - Biscuits.mp3,KEEP,yes
C:\Users\suppo\Downloads\New Music\Top1000_Country\Kenny Chesney - Til It's Gone (Official Video).mp3,C:\Users\suppo\Downloads\New Music\Top1000_Country\Kenny Chesney - Til Its Gone.mp3,DELETE,yes
C:\Users\suppo\Downloads\New Music\Top1000_Country\Kenny Chesney - Way Down Here.mp3,C:\Users\suppo\Downloads\New Music\Top1000_Country\Kenny Chesney - Way Down Here.mp3,KEEP,yes
C:\Users\suppo\Downloads\New Music\Top1000_Country\Post Monroe： ＂Dixie Dust＂.mp3,C:\Users\suppo\Downloads\New Music\Top1000_Country\Post Monroe： ＂Dixie Dust＂.mp3,KEEP,yes
C:\Users\suppo\Downloads\New Music\Top1000_Country\Post Monroe： ＂Red Hot American Summer＂.mp3,C:\Users\suppo\Downloads\New Music\Top1000_Country\Post Monroe： ＂Dixie Dust＂.mp3,DELETE,yes
C:\Users\suppo\Downloads\New Music\Top1000_Country\kenny chesney way down here.mp3,C:\Users\suppo\Downloads\New Music\Top1000_Country\Kenny Chesney - Way Down Here.mp3,DELETE,yes
C:\Users\suppo\Downloads\New Music\Top1000_Disco\Michael Jackson - Billie Jean.mp3,C:\Users\suppo\Downloads\New Music\Top1000\Michael Jackson - Billie Jean.mp3,DELETE,no
C:\Users\suppo\Downloads\New Music\Top1000_Hard Rock_Metal\Denim and Leather-Saxon (studio version).mp3,C:\Users\suppo\Downloads\New Music\Top1000_Hard Rock_Metal\Denim and Leather-Saxon (studio version).mp3,KEEP,yes
C:\Users\suppo\Downloads\New Music\Top1000_Hard Rock_Metal\Denim and Leather-Saxon (studio version) (Alt 1).mp3,C:\Users\suppo\Downloads\New Music\Top1000_Hard Rock_Metal\Denim and Leather-Saxon (studio version).mp3,DELETE,yes
C:\Users\suppo\Downloads\New Music\Top1000_Hard Rock_Metal\Dio - The Last In Line (Alt 1).mp3,C:\Users\suppo\Downloads\New Music\Top1000_Hard Rock_Metal\Dio - The Last In Line.mp3,DELETE,yes
C:\Users\suppo\Downloads\New Music\Top1000_Hard Rock_Metal\Heaven and Hell - Black Sabbath lyrics.temp.mp3,C:\Users\suppo\Downloads\New Music\Top1000_Hard Rock_Metal\Heaven and Hell - Black Sabbath lyrics.mp3,DELETE,yes
C:\Users\suppo\Downloads\New Music\Top1000_Hard Rock_Metal\Kiss Deuce lyrics.mp3,C:\Users\suppo\Downloads\New Music\Top1000_Hard Rock_Metal\Kiss Deuce lyrics.mp3,KEEP,yes
C:\Users\suppo\Downloads\New Music\Top1000_Hard Rock_Metal\Kiss Deuce lyrics (Alt 1).mp3,C:\Users\suppo\Downloads\New Music\Top1000_Hard Rock_Metal\Kiss Deuce lyrics.mp3,DELETE,yes
C:\Users\suppo\Downloads\New Music\Top1000_Hard Rock_Metal\Led Zeppelin - Rock and Roll HQ.temp.mp3,C:\Users\suppo\Downloads\New Music\Top1000_Hard Rock_Metal\Led Zeppelin - Rock and Roll HQ.mp3,DELETE,yes
C:\Users\suppo\Downloads\New Music\Top1000_Hard Rock_Metal\Nirvana - Smells Like Teen Spirit (Official Music Video).mp3,C:\Users\suppo\Downloads\New Music\Top1000\Nirvana - Smells Like Teen Spirit.mp3,DELETE,no
C:\Users\suppo\Downloads\New Music\Top1000_Hard Rock_Metal\Pantera - 5 Minutes Alone (Official Music Video) [4K Remaster].mp3,C:\Users\suppo\Downloads\New Music\Top1000_Hard Rock_Metal\Pantera - 5 Minutes Alone (Official Music Video) [4K Remaster].mp3,KEEP,yes
C:\Users\suppo\Downloads\New Music\Top1000_Hard Rock_Metal\Pantera - 5 Minutes Alone (Official Music Video) [4K Remaster].temp.mp3,C:\Users\suppo\Downloads\New Music\Top1000_Hard Rock_Metal\Pantera - 5 Minutes Alone (Official Music Video) [4K Remaster].mp3,DELETE,no
C:\Users\suppo\Downloads\New Music\Top1000_Hard Rock_Metal\Queen - Bohemian Rhapsody (2011 Digital Remaster).mp3,C:\Users\suppo\Downloads\New Music\Top1000_Hard Rock_Metal\Queen - Bohemian Rhapsody (2011 Digital Remaster).mp3,KEEP,yes
C:\Users\suppo\Downloads\New Music\Top1000_Hard Rock_Metal\Savatage - Hall Of The Mountain King.mp3,C:\Users\suppo\Downloads\New Music\Top1000_Hard Rock_Metal\Savatage - Hall Of The Mountain King.mp3,KEEP,yes
C:\Users\suppo\Downloads\New Music\Top1000_Hard Rock_Metal\Savatage - Hall Of The Mountain King.temp.mp3,C:\Users\suppo\Downloads\New Music\Top1000_Hard Rock_Metal\Savatage - Hall Of The Mountain King.mp3,DELETE,yes
C:\Users\suppo\Downloads\New Music\Top1000_Hard Rock_Metal\Slayer - Hell Awaits.mp3,C:\Users\suppo\Downloads\New Music\Top1000_Hard Rock_Metal\Slayer - Hell Awaits.mp3,KEEP,yes
C:\Users\suppo\Downloads\New Music\Top1000_Hard Rock_Metal\Slayer - Hell Awaits (Alt 1).mp3,C:\Users\suppo\Downloads\New Music\Top1000_Hard Rock_Metal\Slayer - Hell Awaits.mp3,DELETE,yes
C:\Users\suppo\Downloads\New Music\Top1000_Hard Rock_Metal\Steppenwolf - Born To Be Wild.mp3,C:\Users\suppo\Downloads\New Music\Top1000_Hard Rock_Metal\Steppenwolf - Born To Be Wild.mp3,KEEP,yes
C:\Users\suppo\Downloads\New Music\Top1000_Hard Rock_Metal\UFO - Doctor Doctor.mp3,C:\Users\suppo\Downloads\New Music\Top1000_Hard Rock_Metal\UFO - Doctor Doctor.mp3,KEEP,yes
C:\Users\suppo\Downloads\New Music\Top1000_Hard Rock_Metal\UFO - Doctor Doctor (Alt 1).mp3,C:\Users\suppo\Downloads\New Music\Top1000_Hard Rock_Metal\UFO - Doctor Doctor.mp3,DELETE,yes
C:\Users\suppo\Downloads\New Music\Top1000_Hard Rock_Metal\black sabbath - sweet leaf (Alt 1).mp3,C:\Users\suppo\Downloads\New Music\Top1000_Hard Rock_Metal\black sabbath - sweet leaf.mp3,DELETE,yes
C:\Users\suppo\Downloads\New Music\Top1000_HipHop\017 - Ice Cube - It Was A Good Day.mp3,C:\Users\suppo\Downloads\New Music\Top1000_HipHop\Ice Cube - It Was A Good Day.mp3,DELETE,yes
C:\Users\suppo\Downloads\New Music\Top1000_HipHop\026 - Bone Thugs N Harmony - Crossroads.mp3,C:\Users\suppo\Downloads\New Music\Top1000_HipHop\Bone Thugs N Harmony - Crossroads.mp3,DELETE,yes
C:\Users\suppo\Downloads\New Music\Top1000_HipHop\030 - Snoop Dogg - Gin And Juice.mp3,C:\Users\suppo\Downloads\New Music\Top1000_HipHop\Snoop Dogg - Gin And Juice.mp3,DELETE,no
C:\Users\suppo\Downloads\New Music\Top1000_HipHop\098 - Queen Latifah - U.N.I.T.Y..mp3,C:\Users\suppo\Downloads\New Music\Top1000_HipHop\Queen Latifah - U.N.I.T.Y..mp3,DELETE,no
C:\Users\suppo\Downloads\New Music\Top1000_HipHop\102 - Eazy-E - Real Muthaphuckkin G's (Music Video).mp3,C:\Users\suppo\Downloads\New Music\Top1000_HipHop\Eazy-E - Real Muthaphuckkin G's (Music Video).mp3,DELETE,yes
C:\Users\suppo\Downloads\New Music\Top1000_HipHop\236 - Bone Thugs n Harmony - Thuggish Ruggish Bone.mp3,C:\Users\suppo\Downloads\New Music\Top1000_HipHop\Bone Thugs n Harmony - Thuggish Ruggish Bone.mp3,DELETE,yes
C:\Users\suppo\Downloads\New Music\Top1000_HipHop\2Pac - Hit 'Em Up (Dirty) (Music Video) HD.mp3,C:\Users\suppo\Downloads\New Music\Top1000_HipHop\2Pac - Hit 'Em Up (Dirty) (Music Video) HD.mp3,KEEP,yes
C:\Users\suppo\Downloads\New Music\Top1000_HipHop\2Pac - Hit Em Up HD.mp3,C:\Users\suppo\Downloads\New Music\Top1000_HipHop\2Pac - Hit 'Em Up (Dirty) (Music Video) HD.mp3,DELETE,no
C:\Users\suppo\Downloads\New Music\Top1000_HipHop\2Pac - I Get Around.mp3,C:\Users\suppo\Downloads\New Music\Top1000_HipHop\175 - 2Pac - I Get Around.mp3,DELETE,yes
C:\Users\suppo\Downloads\New Music\Top1000_HipHop\319 - Beastie Boys - Intergalactic.mp3,C:\Users\suppo\Downloads\New Music\Top1000_HipHop\Beastie Boys - Intergalactic.mp3,DELETE,yes
C:\Users\suppo\Downloads\New Music\Top1000_HipHop\390 - Ice Cube - You Know How We Do It.mp3,C:\Users\suppo\Downloads\New Music\Top1000_HipHop\Ice Cube - You Know How We Do It.mp3,DELETE,yes
C:\Users\suppo\Downloads\New Music\Top1000_HipHop\440 - The Roots - You Got Me ft. Erykah Badu.mp3,C:\Users\suppo\Downloads\New Music\Top1000_HipHop\The Roots - You Got Me ft. Erykah Badu.mp3,DELETE,no
C:\Users\suppo\Downloads\New Music\Top1000_HipHop\50 Cent - 21 Questions (Official Music Video) ft. Nate Dogg.mp3,C:\Users\suppo\Downloads\New Music\Top1000_HipHop\50 Cent - 21 Questions ft. Nate Dogg.mp3,DELETE,no
C:\Users\suppo\Downloads\New Music\Top1000_HipHop\50 Cent - 21 Questions ft. Nate Dogg.mp3,C:\Users\suppo\Downloads\New Music\Top1000_HipHop\50 Cent - 21 Questions ft. Nate Dogg.mp3,KEEP,yes
C:\Users\suppo\Downloads\New Music\Top1000_HipHop\50 Cent - In Da Club.mp3,C:\Users\suppo\Downloads\New Music\Top1000\50 Cent - In Da Club.mp3,DELETE,no
C:\Users\suppo\Downloads\New Music\Top1000_HipHop\530 - Black Star - Respiration ft. Common.mp3,C:\Users\suppo\Downloads\New Music\Top1000_HipHop\Black Star - Respiration ft. Common.mp3,DELETE,yes
C:\Users\suppo\Downloads\New Music\Top1000_HipHop\A Tribe Called Quest - Electric Relaxation (Official HD Video).mp3,C:\Users\suppo\Downloads\New Music\Top1000_HipHop\A Tribe Called Quest - Electric Relaxation.mp3,DELETE,no
C:\Users\suppo\Downloads\New Music\Top1000_HipHop\A Tribe Called Quest - Electric Relaxation.mp3,C:\Users\suppo\Downloads\New Music\Top1000_HipHop\A Tribe Called Quest - Electric Relaxation.mp3,KEEP,yes
C:\Users\suppo\Downloads\New Music\Top1000_HipHop\Ambitionz Az A Ridah.mp3,C:\Users\suppo\Downloads\New Music\Top1000_HipHop\2Pac - Ambitionz Az A Ridah.mp3,DELETE,yes
C:\Users\suppo\Downloads\New Music\Top1000_HipHop\Big L - Put It On (Official Music Video).mp3,C:\Users\suppo\Downloads\New Music\Top1000_HipHop\Big L - Put It On.mp3,DELETE,no
C:\Users\suppo\Downloads\New Music\Top1000_HipHop\Big L - Put It On.mp3,C:\Users\suppo\Downloads\New Music\Top1000_HipHop\Big L - Put It On.mp3,KEEP,yes
C:\Users\suppo\Downloads\New Music\Top1000_HipHop\Big Pun - Still Not a Player (Official Video) ft. Joe.mp3,C:\Users\suppo\Downloads\New Music\Top1000_HipHop\Big Pun - Still Not a Player ft. Joe.mp3,DELETE,no
C:\Users\suppo\Downloads\New Music\Top1000_HipHop\Big Pun - Still Not a Player ft. Joe.mp3,C:\Users\suppo\Downloads\New Music\Top1000_HipHop\Big Pun - Still Not a Player ft. Joe.mp3,KEEP,yes
C:\Users\suppo\Downloads\New Music\Top1000_HipHop\Big Pun - Twinz (Deep Cover 98) ft. Fat Joe.mp3,C:\Users\suppo\Downloads\New Music\Top1000_HipHop\Big Pun - Twinz (Deep Cover 98) ft. Fat Joe.mp3,KEEP,yes
C:\Users\suppo\Downloads\New Music\Top1000_HipHop\Big Pun - Twinz ft. Fat Joe.mp3,C:\Users\suppo\Downloads\New Music\Top1000_HipHop\Big Pun - Twinz (Deep Cover 98) ft. Fat Joe.mp3,DELETE,no
C:\Users\suppo\Downloads\New Music\Top1000_HipHop\Biggie Smalls - Notorious Thugs.temp.mp3,C:\Users\suppo\Downloads\New Music\Top1000_HipHop\Biggie Smalls - Notorious Thugs.mp3,DELETE,yes
C:\Users\suppo\Downloads\New Music\Top1000_HipHop\Bone Thugs N Harmony - 1st of tha Month.mp3,C:\Users\suppo\Downloads\New Music\Top1000_HipHop\Bone Thugs-n-Harmony - 1st of tha Month.mp3,DELETE,yes
C:\Users\suppo\Downloads\New Music\Top1000_HipHop\Bone Thugs-n-Harmony - 1st of tha Month.mp3,C:\Users\suppo\Downloads\New Music\Top1000_HipHop\Bone Thugs-n-Harmony - 1st of tha Month.mp3,KEEP,yes
C:\Users\suppo\Downloads\New Music\Top1000_HipHop\CamRon - Hey Ma ft. Juelz Santana.mp3,C:\Users\suppo\Downloads\New Music\Top1000_HipHop\CamRon - Hey Ma ft. Juelz Santana.mp3,KEEP,yes
C:\Users\suppo\Downloads\New Music\Top1000_HipHop\CamRon - Oh Boy ft. Juelz Santana.mp3,C:\Users\suppo\Downloads\New Music\Top1000_HipHop\CamRon - Hey Ma ft. Juelz Santana.mp3,DELETE,yes
C:\Users\suppo\Downloads\New Music\Top1000_HipHop\Coolio - Gangstas Paradise ft. L.V..mp3,C:\Users\suppo\Downloads\New Music\Top1000\Coolio - Gangstas Paradise ft. L.V..mp3,DELETE,no
C:\Users\suppo\Downloads\New Music\Top1000_HipHop\Coolio - Gangstas Paradise.mp3,C:\Users\suppo\Downloads\New Music\Top1000\Coolio - Gangstas Paradise.mp3,DELETE,no
C:\Users\suppo\Downloads\New Music\Top1000_HipHop\Craig Mack - Flava In Ya Ear (Remix) (Official Music Video).mp3,C:\Users\suppo\Downloads\New Music\Top1000_HipHop\Craig Mack - Flava In Ya Ear.mp3,DELETE,yes
C:\Users\suppo\Downloads\New Music\Top1000_HipHop\Cypress Hill - Hits from the Bong (Official Audio).mp3,C:\Users\suppo\Downloads\New Music\Top1000_HipHop\Cypress Hill - Hits from the Bong (Official Audio).mp3,KEEP,yes
C:\Users\suppo\Downloads\New Music\Top1000_HipHop\Cypress Hill - Hits from the Bong.mp3,C:\Users\suppo\Downloads\New Music\Top1000_HipHop\Cypress Hill - Hits from the Bong (Official Audio).mp3,DELETE,no
C:\Users\suppo\Downloads\New Music\Top1000_HipHop\Cypress Hill - Insane In The Brain (Official HD Video).mp3,C:\Users\suppo\Downloads\New Music\Top1000_HipHop\Cypress Hill - Insane In The Brain.mp3,DELETE,no
C:\Users\suppo\Downloads\New Music\Top1000_HipHop\Cypress Hill - Insane In The Brain.mp3,C:\Users\suppo\Downloads\New Music\Top1000_HipHop\Cypress Hill - Insane In The Brain.mp3,KEEP,yes
C:\Users\suppo\Downloads\New Music\Top1000_HipHop\DJ Jazzy Jeff & The Fresh Prince - Summertime (Official Video).mp3,C:\Users\suppo\Downloads\New Music\Top1000_HipHop\DJ Jazzy Jeff & The Fresh Prince - Summertime.mp3,DELETE,no
C:\Users\suppo\Downloads\New Music\Top1000_HipHop\DJ Jazzy Jeff & The Fresh Prince - Summertime.mp3,C:\Users\suppo\Downloads\New Music\Top1000_HipHop\DJ Jazzy Jeff & The Fresh Prince - Summertime.mp3,KEEP,yes
C:\Users\suppo\Downloads\New Music\Top1000_HipHop\Dax - ＂TEMPTATION＂.mp3,C:\Users\suppo\Downloads\New Music\Top1000\Dax - ＂The Devils Calling＂.mp3,DELETE,yes
C:\Users\suppo\Downloads\New Music\Top1000_HipHop\Dr Dre - Nuthin But A ＂G＂ Thang (Alt 1).mp3,C:\Users\suppo\Downloads\New Music\Top1000_HipHop\Dr Dre - Nuthin But A ＂G＂ Thang.mp3,DELETE,no
C:\Users\suppo\Downloads\New Music\Top1000_HipHop\Dr. Dre - Still D.R.E. ft. Snoop Dogg.mp3,C:\Users\suppo\Downloads\New Music\Top1000\Dr. Dre - Still D.R.E. ft. Snoop Dogg.mp3,DELETE,no
C:\Users\suppo\Downloads\New Music\Top1000_HipHop\Eminem - Lose Yourself.mp3,C:\Users\suppo\Downloads\New Music\Top1000\Eminem - Lose Yourself.mp3,DELETE,no
C:\Users\suppo\Downloads\New Music\Top1000_HipHop\Eminem - Mockingbird.mp3,C:\Users\suppo\Downloads\New Music\Top1000\Eminem - Mockingbird.mp3,DELETE,no
C:\Users\suppo\Downloads\New Music\Top1000_HipHop\Eminem - My Name Is (Official Music Video).mp3,C:\Users\suppo\Downloads\New Music\Top1000_HipHop\Eminem - My Name Is.mp3,DELETE,no
C:\Users\suppo\Downloads\New Music\Top1000_HipHop\Eminem - My Name Is.mp3,C:\Users\suppo\Downloads\New Music\Top1000_HipHop\Eminem - My Name Is.mp3,KEEP,yes
C:\Users\suppo\Downloads\New Music\Top1000_HipHop\Eminem - Rap God.mp3,C:\Users\suppo\Downloads\New Music\Top1000\Eminem - Rap God.mp3,DELETE,no
C:\Users\suppo\Downloads\New Music\Top1000_HipHop\Eminem - Without Me.mp3,C:\Users\suppo\Downloads\New Music\Top1000\Eminem - Without Me.mp3,DELETE,no
C:\Users\suppo\Downloads\New Music\Top1000_HipHop\Fugees - Fu-Gee-La (Official HD Video).mp3,C:\Users\suppo\Downloads\New Music\Top1000_HipHop\Fugees - Fu-Gee-La.mp3,DELETE,no
C:\Users\suppo\Downloads\New Music\Top1000_HipHop\Fugees - Fu-Gee-La.mp3,C:\Users\suppo\Downloads\New Music\Top1000_HipHop\Fugees - Fu-Gee-La.mp3,KEEP,yes
C:\Users\suppo\Downloads\New Music\Top1000_HipHop\Gangstarr-Above The Clouds.mp3,C:\Users\suppo\Downloads\New Music\Top1000_HipHop\Gang Starr - Above The Clouds.mp3,DELETE,yes
C:\Users\suppo\Downloads\New Music\Top1000_HipHop\Geto Boys-Mind Playing Tricks on Me.mp3,C:\Users\suppo\Downloads\New Music\Top1000_HipHop\Geto Boys - Mind Playing Tricks On Me.mp3,DELETE,yes
C:\Users\suppo\Downloads\New Music\Top1000_HipHop\House of Pain - Jump Around (Official 4K Music Video).mp3,C:\Users\suppo\Downloads\New Music\Top1000_HipHop\House of Pain - Jump Around.mp3,DELETE,no
C:\Users\suppo\Downloads\New Music\Top1000_HipHop\House of Pain - Jump Around.mp3,C:\Users\suppo\Downloads\New Music\Top1000_HipHop\House of Pain - Jump Around.mp3,KEEP,yes
C:\Users\suppo\Downloads\New Music\Top1000_HipHop\Ice Cube - Check Yo Self.mp3,C:\Users\suppo\Downloads\New Music\Top1000_HipHop\Ice Cube - Check Yo Self.mp3,KEEP,yes
C:\Users\suppo\Downloads\New Music\Top1000_HipHop\IceCube - Check Yo Self.mp3,C:\Users\suppo\Downloads\New Music\Top1000_HipHop\Ice Cube - Check Yo Self.mp3,DELETE,yes
C:\Users\suppo\Downloads\New Music\Top1000_HipHop\Jedi Mind Tricks - ＂Heavy Metal Kings＂.mp3,C:\Users\suppo\Downloads\New Music\Top1000_HipHop\Jedi Mind Tricks - ＂Heavy Metal Kings＂.mp3,KEEP,yes
C:\Users\suppo\Downloads\New Music\Top1000_HipHop\Jedi Mind Tricks - ＂I Who Have Nothing＂.mp3,C:\Users\suppo\Downloads\New Music\Top1000_HipHop\Jedi Mind Tricks - ＂Heavy Metal Kings＂.mp3,DELETE,yes
C:\Users\suppo\Downloads\New Music\Top1000_HipHop\Jedi Mind Tricks - ＂Uncommon Valor： A Vietnam Story＂.mp3,C:\Users\suppo\Downloads\New Music\Top1000_HipHop\Jedi Mind Tricks - ＂Heavy Metal Kings＂.mp3,DELETE,yes
C:\Users\suppo\Downloads\New Music\Top1000_HipHop\LUNIZ - I GOT 5 ON IT.mp3,C:\Users\suppo\Downloads\New Music\Top1000_HipHop\LUNIZ - I GOT 5 ON IT.mp3,KEEP,yes
C:\Users\suppo\Downloads\New Music\Top1000_HipHop\LUNIZ -- I GOT 5 ON IT.mp3,C:\Users\suppo\Downloads\New Music\Top1000_HipHop\LUNIZ - I GOT 5 ON IT.mp3,DELETE,no
C:\Users\suppo\Downloads\New Music\Top1000_HipHop\MIRA - Bad Booty ｜ Official Video.mp3,C:\Users\suppo\Downloads\New Music\Top1000\MIRA - Bad Booty ｜ Official Video.mp3,DELETE,no
C:\Users\suppo\Downloads\New Music\Top1000_HipHop\MIRA - Come With Me.mp3,C:\Users\suppo\Downloads\New Music\Top1000\MIRA - Come With Me.mp3,DELETE,no
C:\Users\suppo\Downloads\New Music\Top1000_HipHop\MIRA - Duro ｜ Lyric Video.mp3,C:\Users\suppo\Downloads\New Music\Top1000\MIRA - Duro ｜ Lyric Video.mp3,DELETE,no
C:\Users\suppo\Downloads\New Music\Top1000_HipHop\MIRA - Ladida ｜ Lyric Video.mp3,C:\Users\suppo\Downloads\New Music\Top1000\MIRA - Ladida ｜ Lyric Video.mp3,DELETE,no
C:\Users\suppo\Downloads\New Music\Top1000_HipHop\MIRA - Love Again.mp3,C:\Users\suppo\Downloads\New Music\Top1000\MIRA - Love Again.mp3,DELETE,no
"C:\Users\suppo\Downloads\New Music\Top1000_HipHop\MIRA - Ring, Ring ｜ Official Video.mp3","C:\Users\suppo\Downloads\New Music\Top1000\MIRA - Ring, Ring ｜ Official Video.mp3",DELETE,no
C:\Users\suppo\Downloads\New Music\Top1000_HipHop\Major Lazer - Cold Water.mp3,C:\Users\suppo\Downloads\New Music\Top1000\Major Lazer - Cold Water.mp3,DELETE,yes
C:\Users\suppo\Downloads\New Music\Top1000_HipHop\Mobb Deep - Quiet Storm ft. Lil' Kim (Official Video) ft. Lil' Kim.mp3,C:\Users\suppo\Downloads\New Music\Top1000_HipHop\Mobb Deep - Quiet Storm ft. Lil Kim ft. Lil Kim.mp3,DELETE,yes
"C:\Users\suppo\Downloads\New Music\Top1000_HipHop\Mobb Deep - Shook Ones, Pt. II (Official HD Video).mp3","C:\Users\suppo\Downloads\New Music\Top1000_HipHop\Mobb Deep - Shook Ones, Pt. II.mp3",DELETE,no
"C:\Users\suppo\Downloads\New Music\Top1000_HipHop\Mobb Deep - Shook Ones, Pt. II.mp3","C:\Users\suppo\Downloads\New Music\Top1000_HipHop\Mobb Deep - Shook Ones, Pt. II.mp3",KEEP,yes
C:\Users\suppo\Downloads\New Music\Top1000_HipHop\Mobb Deep - Survival of the Fittest (Official HD Video).mp3,C:\Users\suppo\Downloads\New Music\Top1000_HipHop\Mobb Deep - Survival of the Fittest.mp3,DELETE,no
C:\Users\suppo\Downloads\New Music\Top1000_HipHop\Mobb Deep - Survival of the Fittest.mp3,C:\Users\suppo\Downloads\New Music\Top1000_HipHop\Mobb Deep - Survival of the Fittest.mp3,KEEP,yes
C:\Users\suppo\Downloads\New Music\Top1000_HipHop\Nas - Hate Me Now (Official HD Video) ft. Puff Daddy.mp3,C:\Users\suppo\Downloads\New Music\Top1000_HipHop\Nas - Hate Me Now ft. Puff Daddy.mp3,DELETE,no
C:\Users\suppo\Downloads\New Music\Top1000_HipHop\Nas - Hate Me Now ft. Puff Daddy.mp3,C:\Users\suppo\Downloads\New Music\Top1000_HipHop\Nas - Hate Me Now ft. Puff Daddy.mp3,KEEP,yes
C:\Users\suppo\Downloads\New Music\Top1000_HipHop\Nas - It Ain't Hard To Tell (Official Video).mp3,C:\Users\suppo\Downloads\New Music\Top1000_HipHop\Nas - It Aint Hard To Tell.mp3,DELETE,yes
C:\Users\suppo\Downloads\New Music\Top1000_HipHop\Nas - Nas Is Like (Official Video).mp3,C:\Users\suppo\Downloads\New Music\Top1000_HipHop\Nas - Nas Is Like.mp3,DELETE,no
C:\Users\suppo\Downloads\New Music\Top1000_HipHop\Nas - Nas Is Like.mp3,C:\Users\suppo\Downloads\New Music\Top1000_HipHop\Nas - Nas Is Like.mp3,KEEP,yes
C:\Users\suppo\Downloads\New Music\Top1000_HipHop\Naughty By Nature - O.P.P. (Official Music Video) [HD].mp3,C:\Users\suppo\Downloads\New Music\Top1000_HipHop\Naughty By Nature - O.P.P..mp3,DELETE,no
C:\Users\suppo\Downloads\New Music\Top1000_HipHop\Naughty By Nature - O.P.P..mp3,C:\Users\suppo\Downloads\New Music\Top1000_HipHop\Naughty By Nature - O.P.P..mp3,KEEP,yes
C:\Users\suppo\Downloads\New Music\Top1000_HipHop\Naughty by Nature - Hip Hop Hooray (Official Music Video).mp3,C:\Users\suppo\Downloads\New Music\Top1000_HipHop\Naughty by Nature - Hip Hop Hooray.mp3,DELETE,no
C:\Users\suppo\Downloads\New Music\Top1000_HipHop\Naughty by Nature - Hip Hop Hooray.mp3,C:\Users\suppo\Downloads\New Music\Top1000_HipHop\Naughty by Nature - Hip Hop Hooray.mp3,KEEP,yes
C:\Users\suppo\Downloads\New Music\Top1000_HipHop\Queen Latifah - U.N.I.T.Y..mp3,C:\Users\suppo\Downloads\New Music\Top1000_HipHop\Queen Latifah - U.N.I.T.Y..mp3,KEEP,yes
"C:\Users\suppo\Downloads\New Music\Top1000_HipHop\Raekwon - Ice Cream (Official HD Video) ft. Ghostface Killah, Method Man, Cappadonna.mp3","C:\Users\suppo\Downloads\New Music\Top1000_HipHop\Raekwon - Ice Cream ft. Ghostface Killah, Method Man, Cappadonna.mp3",DELETE,no
"C:\Users\suppo\Downloads\New Music\Top1000_HipHop\Raekwon - Ice Cream ft. Ghostface Killah, Method Man, Cappadonna.mp3","C:\Users\suppo\Downloads\New Music\Top1000_HipHop\Raekwon - Ice Cream ft. Ghostface Killah, Method Man, Cappadonna.mp3",KEEP,yes
C:\Users\suppo\Downloads\New Music\Top1000_HipHop\Snoop Dogg - Gin And Juice.mp3,C:\Users\suppo\Downloads\New Music\Top1000_HipHop\Snoop Dogg - Gin And Juice.mp3,KEEP,yes
C:\Users\suppo\Downloads\New Music\Top1000_HipHop\Snoop Dogg - Who Am I (What's My Name)？.mp3,C:\Users\suppo\Downloads\New Music\Top1000_HipHop\Snoop Dogg - Who Am I？.mp3,DELETE,no
C:\Users\suppo\Downloads\New Music\Top1000_HipHop\Snoop Dogg - Who Am I？.mp3,C:\Users\suppo\Downloads\New Music\Top1000_HipHop\Snoop Dogg - Who Am I？.mp3,KEEP,yes
C:\Users\suppo\Downloads\New Music\Top1000_HipHop\Souls Of Mischief - 93 'Til Infinity (Official Video).mp3,C:\Users\suppo\Downloads\New Music\Top1000_HipHop\Souls Of Mischief - 93 Til Infinity.mp3,DELETE,no
C:\Users\suppo\Downloads\New Music\Top1000_HipHop\Souls Of Mischief - 93 Til Infinity.mp3,C:\Users\suppo\Downloads\New Music\Top1000_HipHop\Souls Of Mischief - 93 Til Infinity.mp3,KEEP,yes
C:\Users\suppo\Downloads\New Music\Top1000_HipHop\The Notorious B.I.G. - Hypnotize (Official Music Video) [4K].mp3,C:\Users\suppo\Downloads\New Music\Top1000_HipHop\The Notorious B.I.G. - Hypnotize.mp3,DELETE,no
C:\Users\suppo\Downloads\New Music\Top1000_HipHop\The Notorious B.I.G. - Hypnotize.mp3,C:\Users\suppo\Downloads\New Music\Top1000_HipHop\The Notorious B.I.G. - Hypnotize.mp3,KEEP,yes
C:\Users\suppo\Downloads\New Music\Top1000_HipHop\The Notorious B.I.G. - Juicy (Official Video) [4K].mp3,C:\Users\suppo\Downloads\New Music\Top1000_HipHop\The Notorious B.I.G. - Juicy.mp3,DELETE,no
C:\Users\suppo\Downloads\New Music\Top1000_HipHop\The Notorious B.I.G. - Juicy.mp3,C:\Users\suppo\Downloads\New Music\Top1000_HipHop\The Notorious B.I.G. - Juicy.mp3,KEEP,yes
C:\Users\suppo\Downloads\New Music\Top1000_HipHop\The Notorious B.I.G. - Warning (Official Music Video).mp3,C:\Users\suppo\Downloads\New Music\Top1000_HipHop\The Notorious B.I.G. - Warning.mp3,DELETE,no
C:\Users\suppo\Downloads\New Music\Top1000_HipHop\The Notorious B.I.G. - Warning.mp3,C:\Users\suppo\Downloads\New Music\Top1000_HipHop\The Notorious B.I.G. - Warning.mp3,KEEP,yes
C:\Users\suppo\Downloads\New Music\Top1000_HipHop\The Notorious B.I.G. - Who Shot Ya？ (Official Audio).mp3,C:\Users\suppo\Downloads\New Music\Top1000_HipHop\The Notorious B.I.G. - Who Shot Ya？ (Official Audio).mp3,KEEP,yes
C:\Users\suppo\Downloads\New Music\Top1000_HipHop\The Notorious B.I.G. - Who Shot Ya？.mp3,C:\Users\suppo\Downloads\New Music\Top1000_HipHop\The Notorious B.I.G. - Who Shot Ya？ (Official Audio).mp3,DELETE,no
C:\Users\suppo\Downloads\New Music\Top1000_HipHop\The Pharcyde - Passin Me By.mp3,C:\Users\suppo\Downloads\New Music\Top1000_HipHop\The Pharcyde - Passin Me By.mp3,KEEP,yes
C:\Users\suppo\Downloads\New Music\Top1000_HipHop\The Pharcyde - Passin' Me By (Official HD Music Video).mp3,C:\Users\suppo\Downloads\New Music\Top1000_HipHop\The Pharcyde - Passin Me By.mp3,DELETE,no
C:\Users\suppo\Downloads\New Music\Top1000_HipHop\The Roots - You Got Me ft. Erykah Badu.mp3,C:\Users\suppo\Downloads\New Music\Top1000_HipHop\The Roots - You Got Me ft. Erykah Badu.mp3,KEEP,yes
C:\Users\suppo\Downloads\New Music\Top1000_HipHop\Wu-Tang Clan - C.R.E.A.M. (Official HD Video).mp3,C:\Users\suppo\Downloads\New Music\Top1000_HipHop\Wu-Tang Clan - C.R.E.A.M..mp3,DELETE,no
C:\Users\suppo\Downloads\New Music\Top1000_HipHop\Wu-Tang Clan - C.R.E.A.M..mp3,C:\Users\suppo\Downloads\New Music\Top1000_HipHop\Wu-Tang Clan - C.R.E.A.M..mp3,KEEP,yes
C:\Users\suppo\Downloads\New Music\Top1000_HipHop\Wu-Tang Clan - Da Mystery Of Chessboxin' (Official HD Video).mp3,C:\Users\suppo\Downloads\New Music\Top1000_HipHop\Wu-Tang Clan - Da Mystery Of Chessboxin.mp3,DELETE,no
C:\Users\suppo\Downloads\New Music\Top1000_HipHop\Wu-Tang Clan - Da Mystery Of Chessboxin.mp3,C:\Users\suppo\Downloads\New Music\Top1000_HipHop\Wu-Tang Clan - Da Mystery Of Chessboxin.mp3,KEEP,yes
C:\Users\suppo\Downloads\New Music\Top1000_HipHop\Wu-Tang Clan - Triumph (Official HD Video) ft. Cappadonna.mp3,C:\Users\suppo\Downloads\New Music\Top1000_HipHop\Wu-Tang Clan - Triumph ft. Cappadonna.mp3,DELETE,no
C:\Users\suppo\Downloads\New Music\Top1000_HipHop\Wu-Tang Clan - Triumph ft. Cappadonna.mp3,C:\Users\suppo\Downloads\New Music\Top1000_HipHop\Wu-Tang Clan - Triumph ft. Cappadonna.mp3,KEEP,yes
C:\Users\suppo\Downloads\New Music\Top1000_HipHop\dead prez - Hip Hop (Digital Video).mp3,C:\Users\suppo\Downloads\New Music\Top1000_HipHop\dead prez - Hip Hop (Digital Video).mp3,KEEP,yes
C:\Users\suppo\Downloads\New Music\Top1000_HipHop\dead prez - Hip Hop.mp3,C:\Users\suppo\Downloads\New Music\Top1000_HipHop\dead prez - Hip Hop (Digital Video).mp3,DELETE,no
"C:\Users\suppo\Downloads\New Music\Top1000_Jazz\Frank Sinatra, Nat King Cole, Ray Charles 🎷The Ultimate Jazz Playlist 🎶 Jazz Classics 50s 60s 70s.mp3","C:\Users\suppo\Downloads\New Music\Top1000_Jazz\Frank Sinatra, Ray Charles, Nat King Cole 🎷The Ultimate Jazz Playlist 🎶 Jazz Classics 50s 60s 70s.mp3",DELETE,yes
"C:\Users\suppo\Downloads\New Music\Top1000_Jazz\Frank Sinatra, Ray Charles, Nat King Cole 🎷The Ultimate Jazz Playlist 🎶 Jazz Classics 50s 60s 70s.mp3","C:\Users\suppo\Downloads\New Music\Top1000_Jazz\Frank Sinatra, Ray Charles, Nat King Cole 🎷The Ultimate Jazz Playlist 🎶 Jazz Classics 50s 60s 70s.mp3",KEEP,yes
"C:\Users\suppo\Downloads\New Music\Top1000_Jazz\Jazz Classics 50s 60s 70s🎶Frank Sinatra, Louis Armstrong, Nat King Cole🎷Warm vintage jazz melodies.mp3","C:\Users\suppo\Downloads\New Music\Top1000_Jazz\Jazz Classics 50s 60s 70s🎶Frank Sinatra, Louis Armstrong, Nat King Cole🎷Warm vintage jazz melodies.mp3",KEEP,yes
"C:\Users\suppo\Downloads\New Music\Top1000_Jazz\Jazz Classics 50s-60s-70s 🎶🎷Nat King Cole, Louis Armstrong, Ray Charles, Frank Sinatra.mp3","C:\Users\suppo\Downloads\New Music\Top1000_Jazz\Jazz Classics 50s-60s-70s 🎶🎷Nat King Cole, Louis Armstrong, Ray Charles, Frank Sinatra.mp3",KEEP,yes
"C:\Users\suppo\Downloads\New Music\Top1000_Jazz\Jazz Classics 50s-60s-70s 🎶🎷Nat King Cole, Louis Armstrong, Ray Charles, Frank Sinatra.temp.mp3","C:\Users\suppo\Downloads\New Music\Top1000_Jazz\Jazz Classics 50s-60s-70s 🎶🎷Nat King Cole, Louis Armstrong, Ray Charles, Frank Sinatra.mp3",DELETE,yes
"C:\Users\suppo\Downloads\New Music\Top1000_Jazz\Jazz Legends Playlist 🎷 Frank Sinatra, Louis Armstrong, Nat King Cole ｜ Vintage Jazz Vibes.mp3","C:\Users\suppo\Downloads\New Music\Top1000_Jazz\Jazz Legends Playlist 🎷 Frank Sinatra, Louis Armstrong, Nat King Cole ｜ Vintage Jazz Vibes.mp3",KEEP,yes
"C:\Users\suppo\Downloads\New Music\Top1000_Jazz\Jazz Legends Playlist 🎷 Frank Sinatra, Louis Armstrong, Nat King Cole ｜ Vintage Jazz Vibes.temp.mp3","C:\Users\suppo\Downloads\New Music\Top1000_Jazz\Jazz Legends Playlist 🎷 Frank Sinatra, Louis Armstrong, Nat King Cole ｜ Vintage Jazz Vibes.mp3",DELETE,yes
"C:\Users\suppo\Downloads\New Music\Top1000_Jazz\Jazz Songs 50s 60s 70s ｜Frank Sinatra, Louis Armstrong, Nat King Cole ｜ Vintage Jazz Memories.mp3","C:\Users\suppo\Downloads\New Music\Top1000_Jazz\Jazz Classics 50s 60s 70s🎶Frank Sinatra, Louis Armstrong, Nat King Cole🎷Warm vintage jazz melodies.mp3",DELETE,yes
"C:\Users\suppo\Downloads\New Music\Top1000_Jazz\Legends of Jazz & Soul 🎷 Louis Armstrong, Nat King Cole, Frank Sinatra ｜ Timeless Classics.mp3","C:\Users\suppo\Downloads\New Music\Top1000_Jazz\Legends of Jazz & Soul 🎷 Louis Armstrong, Nat King Cole, Frank Sinatra ｜ Timeless Classics.mp3",KEEP,yes
"C:\Users\suppo\Downloads\New Music\Top1000_Jazz\Legends of Jazz & Soul 🎷 Nat King Cole, Louis Armstrong, Frank Sinatra ｜ Timeless Classics.mp3","C:\Users\suppo\Downloads\New Music\Top1000_Jazz\Legends of Jazz & Soul 🎷 Louis Armstrong, Nat King Cole, Frank Sinatra ｜ Timeless Classics.mp3",DELETE,yes
"C:\Users\suppo\Downloads\New Music\Top1000_Motown\100 Greatest Motown Hits ｜ Oldies But Goodies from the 70s, 80s & 90s ｜ Soul & R&B Classics Playlist.mp3","C:\Users\suppo\Downloads\New Music\Top1000_Motown\100 Greatest Motown Hits ｜ Oldies But Goodies from the 70s, 80s & 90s ｜ Soul & R&B Classics Playlist.mp3",KEEP,yes
"C:\Users\suppo\Downloads\New Music\Top1000_Motown\100 Greatest Motown Hits ｜ Oldies But Goodies from the 70s, 80s & 90s ｜ Soul & R&B Classics Playlist.temp.mp3","C:\Users\suppo\Downloads\New Music\Top1000_Motown\100 Greatest Motown Hits ｜ Oldies But Goodies from the 70s, 80s & 90s ｜ Soul & R&B Classics Playlist.mp3",DELETE,yes
"C:\Users\suppo\Downloads\New Music\Top1000_Motown\Best Motown Hits of All Time 🎶 Soul Legends： Marvin Gaye, Smokey Robinson & James Brown.mp3","C:\Users\suppo\Downloads\New Music\Top1000_Motown\Best Motown Hits of All Time 🎶 Soul Legends： Marvin Gaye, Smokey Robinson & James Brown.mp3",KEEP,yes
"C:\Users\suppo\Downloads\New Music\Top1000_Motown\Best Motown Hits of All Time 🎶 Soul Legends： Marvin Gaye, Smokey Robinson & James Brown.temp.mp3","C:\Users\suppo\Downloads\New Music\Top1000_Motown\Best Motown Hits of All Time 🎶 Soul Legends： Marvin Gaye, Smokey Robinson & James Brown.mp3",DELETE,yes
C:\Users\suppo\Downloads\New Music\Top1000_Motown\James Brown Greatest Hits 2025 ｜ Full Album Playlist ｜ The Godfather of Souls Top 30 Songs.mp3,C:\Users\suppo\Downloads\New Music\Top1000_Motown\James Brown Greatest Hits 2025 ｜ Full Album Playlist ｜ The Godfather of Souls Top 30 Songs.mp3,KEEP,yes
C:\Users\suppo\Downloads\New Music\Top1000_Motown\James Brown Greatest Hits 2025 ｜ Full Album Playlist ｜ The Godfather of Souls Top 30 Songs.temp.mp3,C:\Users\suppo\Downloads\New Music\Top1000_Motown\James Brown Greatest Hits 2025 ｜ Full Album Playlist ｜ The Godfather of Souls Top 30 Songs.mp3,DELETE,yes
C:\Users\suppo\Downloads\New Music\Top1000_Motown\Marvin Gaye ❤️ Let’s Get It On – Greatest Hits Full Album ｜ Top 100 Motown Soul Classics.mp3,C:\Users\suppo\Downloads\New Music\Top1000_Motown\Marvin Gaye ❤️ Let’s Get It On – Greatest Hits Full Album ｜ Top 100 Motown Soul Classics.mp3,KEEP,yes
C:\Users\suppo\Downloads\New Music\Top1000_Motown\Marvin Gaye ❤️ Let’s Get It On – Greatest Hits Full Album ｜ Top 100 Motown Soul Classics.temp.mp3,C:\Users\suppo\Downloads\New Music\Top1000_Motown\Marvin Gaye ❤️ Let’s Get It On – Greatest Hits Full Album ｜ Top 100 Motown Soul Classics.mp3,DELETE,yes
"C:\Users\suppo\Downloads\New Music\Top1000_Motown\Motown Soul Legends 🎙️ Marvin Gaye, James Brown, Smokey Robinson ... ｜ Greatest Hits of All Time.mp3","C:\Users\suppo\Downloads\New Music\Top1000_Motown\Motown Soul Legends 🎙️ Marvin Gaye, James Brown, Smokey Robinson ... ｜ Greatest Hits of All Time.mp3",KEEP,yes
"C:\Users\suppo\Downloads\New Music\Top1000_Motown\Motown Soul Legends 🎙️ Marvin Gaye, James Brown, Smokey Robinson ... ｜ Greatest Hits of All Time.temp.mp3","C:\Users\suppo\Downloads\New Music\Top1000_Motown\Motown Soul Legends 🎙️ Marvin Gaye, James Brown, Smokey Robinson ... ｜ Greatest Hits of All Time.mp3",DELETE,yes
"C:\Users\suppo\Downloads\New Music\Top1000_Motown\Rick James Greatest Hits Full Album 🎸 Best of Rick James ｜ Give It To Me Baby, Super Freak & More.mp3","C:\Users\suppo\Downloads\New Music\Top1000_Motown\Rick James Greatest Hits Full Album 🎸 Best of Rick James ｜ Give It To Me Baby, Super Freak & More.mp3",KEEP,yes
"C:\Users\suppo\Downloads\New Music\Top1000_Motown\Rick James Greatest Hits Full Album 🎸 Best of Rick James ｜ Give It To Me Baby, Super Freak & More.temp.mp3","C:\Users\suppo\Downloads\New Music\Top1000_Motown\Rick James Greatest Hits Full Album 🎸 Best of Rick James ｜ Give It To Me Baby, Super Freak & More.mp3",DELETE,yes
C:\Users\suppo\Downloads\New Music\Top1000_Motown\Smokey Robinson Greatest Hits 💿 Full Album ｜ Best Classic Soul & Motown Songs.mp3,C:\Users\suppo\Downloads\New Music\Top1000_Motown\Smokey Robinson Greatest Hits 💿 Full Album ｜ Best Classic Soul & Motown Songs.mp3,KEEP,yes
C:\Users\suppo\Downloads\New Music\Top1000_Motown\Smokey Robinson Greatest Hits 💿 Full Album ｜ Best Classic Soul & Motown Songs.temp.mp3,C:\Users\suppo\Downloads\New Music\Top1000_Motown\Smokey Robinson Greatest Hits 💿 Full Album ｜ Best Classic Soul & Motown Songs.mp3,DELETE,yes
C:\Users\suppo\Downloads\New Music\Top1000_Motown\The Temptations Greatest Hits 🎶 Best Songs of the 60s & 70s ｜ Motown Soul Legends Full Album.mp3,C:\Users\suppo\Downloads\New Music\Top1000_Motown\The Temptations Greatest Hits 🎶 Best Songs of the 60s & 70s ｜ Motown Soul Legends Full Album.mp3,KEEP,yes
C:\Users\suppo\Downloads\New Music\Top1000_Motown\The Temptations Greatest Hits 🎶 Best Songs of the 60s & 70s ｜ Motown Soul Legends Full Album.temp.mp3,C:\Users\suppo\Downloads\New Music\Top1000_Motown\The Temptations Greatest Hits 🎶 Best Songs of the 60s & 70s ｜ Motown Soul Legends Full Album.mp3,DELETE,yes
C:\Users\suppo\Downloads\New Music\Top1000_Motown\Top 100 Motown Classics ｜ Soul & R&B Oldies from the 70s 80s 90s ｜ Timeless Hits Playlist.mp3,C:\Users\suppo\Downloads\New Music\Top1000_Motown\Top 100 Motown Classics ｜ Soul & R&B Oldies from the 70s 80s 90s ｜ Timeless Hits Playlist.mp3,KEEP,yes
C:\Users\suppo\Downloads\New Music\Top1000_Motown\Top 100 Motown Classics ｜ Soul & R&B Oldies from the 70s 80s 90s ｜ Timeless Hits Playlist.temp.mp3,C:\Users\suppo\Downloads\New Music\Top1000_Motown\Top 100 Motown Classics ｜ Soul & R&B Oldies from the 70s 80s 90s ｜ Timeless Hits Playlist.mp3,DELETE,yes
"C:\Users\suppo\Downloads\New Music\Top1000_Motown\Top 100 Motown Soul Classics 🎙️ Timeless R&B Oldies from the 70s, 80s & 90s ｜ Soul Legends Forever.mp3","C:\Users\suppo\Downloads\New Music\Top1000_Motown\Top 100 Motown Soul Classics 🎙️ Timeless R&B Oldies from the 70s, 80s & 90s ｜ Soul Legends Forever.mp3",KEEP,yes
"C:\Users\suppo\Downloads\New Music\Top1000_Motown\Top 100 Motown Soul Classics 🎙️ Timeless R&B Oldies from the 70s, 80s & 90s ｜ Soul Legends Forever.temp.mp3","C:\Users\suppo\Downloads\New Music\Top1000_Motown\Top 100 Motown Soul Classics 🎙️ Timeless R&B Oldies from the 70s, 80s & 90s ｜ Soul Legends Forever.mp3",DELETE,yes
"C:\Users\suppo\Downloads\New Music\Top1000_Motown\🎶 100 Greatest Motown Songs Ever ｜ Classic Soul Hits of the 60s, 70s & 80s ✨ Motown Playlist 2025.mp3","C:\Users\suppo\Downloads\New Music\Top1000_Motown\🎶 100 Greatest Motown Songs Ever ｜ Classic Soul Hits of the 60s, 70s & 80s ✨ Motown Playlist 2025.mp3",KEEP,yes
"C:\Users\suppo\Downloads\New Music\Top1000_Motown\🎶 100 Greatest Motown Songs Ever ｜ Classic Soul Hits of the 60s, 70s & 80s ✨ Motown Playlist 2025.temp.mp3","C:\Users\suppo\Downloads\New Music\Top1000_Motown\🎶 100 Greatest Motown Songs Ever ｜ Classic Soul Hits of the 60s, 70s & 80s ✨ Motown Playlist 2025.mp3",DELETE,yes
C:\Users\suppo\Downloads\New Music\Top1000_Opera\MIRA - Love Again.mp3,C:\Users\suppo\Downloads\New Music\Top1000\MIRA - Love Again.mp3,DELETE,no
"C:\Users\suppo\Downloads\New Music\Top1000_Opera\MIRA - Ring, Ring ｜ Official Video.mp3","C:\Users\suppo\Downloads\New Music\Top1000\MIRA - Ring, Ring ｜ Official Video.mp3",DELETE,no
C:\Users\suppo\Downloads\New Music\Top1000_Southern Rock\Allman Brothers Band - Soulshine.mp3,C:\Users\suppo\Downloads\New Music\Top1000_Blues\Allman Brothers Band - Soulshine.mp3,DELETE,no
C:\Users\suppo\Downloads\New Music\Top1000_Southern Rock\Charlie Daniels Band-The Souths Gonna Do It Again.mp3,C:\Users\suppo\Downloads\New Music\Top1000_Southern Rock\Charlie Daniels Band - The South's Gonna Do It (Live).mp3,DELETE,yes
C:\Users\suppo\Downloads\New Music\Top1000_Southern Rock\Hank Williams Jr - Simple Man (Alt 1).mp3,C:\Users\suppo\Downloads\New Music\Top1000_Southern Rock\Hank Williams Jr - Simple Man.mp3,DELETE,yes
C:\Users\suppo\Downloads\New Music\Top1000_Southern Rock\Steppenwolf - Born To Be Wild.mp3,C:\Users\suppo\Downloads\New Music\Top1000_Hard Rock_Metal\Steppenwolf - Born To Be Wild.mp3,DELETE,no
C:\Users\suppo\Downloads\New Music\Top1000_Symphonic_Power Metal\DELAIN - The Quest And The Curse (Official Video) ｜ Napalm Records.mp3,C:\Users\suppo\Downloads\New Music\Top1000_Symphonic_Power Metal\DELAIN - The Quest And The Curse (Official Video) ｜ Napalm Records.mp3,KEEP,yes
C:\Users\suppo\Downloads\New Music\Top1000_Symphonic_Power Metal\DELAIN - The Quest And The Curse (Official Video) ｜ Napalm Records.temp.mp3,C:\Users\suppo\Downloads\New Music\Top1000_Symphonic_Power Metal\DELAIN - The Quest And The Curse (Official Video) ｜ Napalm Records.mp3,DELETE,yes
C:\Users\suppo\Downloads\New Music\Top1000_Symphonic_Power Metal\DOMINUM - The Circus Is In Town (Official Video) ｜ Napalm Records.mp3,C:\Users\suppo\Downloads\New Music\Top1000_Symphonic_Power Metal\DOMINUM - The Circus Is In Town (Official Video) ｜ Napalm Records.mp3,KEEP,yes
C:\Users\suppo\Downloads\New Music\Top1000_Symphonic_Power Metal\DOMINUM - The Circus Is In Town (Official Video) ｜ Napalm Records.temp.mp3,C:\Users\suppo\Downloads\New Music\Top1000_Symphonic_Power Metal\DOMINUM - The Circus Is In Town (Official Video) ｜ Napalm Records.mp3,DELETE,yes
C:\Users\suppo\Downloads\New Music\Top1000_Symphonic_Power Metal\EXIT EDEN - Femme Fatale (Official Video) ｜ Napalm Records.mp3,C:\Users\suppo\Downloads\New Music\Top1000_Symphonic_Power Metal\EXIT EDEN - Femme Fatale (Official Video) ｜ Napalm Records.mp3,KEEP,yes
C:\Users\suppo\Downloads\New Music\Top1000_Symphonic_Power Metal\EXIT EDEN - Femme Fatale (Official Video) ｜ Napalm Records.temp.mp3,C:\Users\suppo\Downloads\New Music\Top1000_Symphonic_Power Metal\EXIT EDEN - Femme Fatale (Official Video) ｜ Napalm Records.mp3,DELETE,yes
C:\Users\suppo\Downloads\New Music\Top1000_Symphonic_Power Metal\HAMMERFALL - Hammer Of Dawn (Official Video) ｜ Napalm Records.mp3,C:\Users\suppo\Downloads\New Music\Top1000_Symphonic_Power Metal\HAMMERFALL - Hammer Of Dawn (Official Video) ｜ Napalm Records.mp3,KEEP,yes
C:\Users\suppo\Downloads\New Music\Top1000_Symphonic_Power Metal\HAMMERFALL - Hammer Of Dawn (Official Video) ｜ Napalm Records.temp.mp3,C:\Users\suppo\Downloads\New Music\Top1000_Symphonic_Power Metal\HAMMERFALL - Hammer Of Dawn (Official Video) ｜ Napalm Records.mp3,DELETE,yes
C:\Users\suppo\Downloads\New Music\Top1000_Symphonic_Power Metal\KAMELOT - Eventide (Official Video) ｜ Napalm Records.mp3,C:\Users\suppo\Downloads\New Music\Top1000_Symphonic_Power Metal\KAMELOT - Eventide (Static Video) ｜ Napalm Records.mp3,DELETE,yes
C:\Users\suppo\Downloads\New Music\Top1000_Symphonic_Power Metal\KAMELOT - Eventide (Static Video) ｜ Napalm Records.mp3,C:\Users\suppo\Downloads\New Music\Top1000_Symphonic_Power Metal\KAMELOT - Eventide (Static Video) ｜ Napalm Records.mp3,KEEP,yes
C:\Users\suppo\Downloads\New Music\Top1000_Symphonic_Power Metal\POWERWOLF - Beast Of Gévaudan (Official Video) ｜ Napalm Records.mp3,C:\Users\suppo\Downloads\New Music\Top1000_Symphonic_Power Metal\POWERWOLF - Beast Of Gévaudan (Official Video) ｜ Napalm Records.mp3,KEEP,yes
C:\Users\suppo\Downloads\New Music\Top1000_Symphonic_Power Metal\POWERWOLF - Beast Of Gévaudan (Official Video) ｜ Napalm Records.temp.mp3,C:\Users\suppo\Downloads\New Music\Top1000_Symphonic_Power Metal\POWERWOLF - Beast Of Gévaudan (Official Video) ｜ Napalm Records.mp3,DELETE,yes
C:\Users\suppo\Downloads\New Music\Top1000_Symphonic_Power Metal\SERENITY - The End Of Babylon (Official Video) ｜ Napalm Records.mp3,C:\Users\suppo\Downloads\New Music\Top1000_Symphonic_Power Metal\SERENITY - The End Of Babylon (Official Video) ｜ Napalm Records.mp3,KEEP,yes
C:\Users\suppo\Downloads\New Music\Top1000_Symphonic_Power Metal\SERENITY - The End Of Babylon (Official Video) ｜ Napalm Records.temp.mp3,C:\Users\suppo\Downloads\New Music\Top1000_Symphonic_Power Metal\SERENITY - The End Of Babylon (Official Video) ｜ Napalm Records.mp3,DELETE,yes
C:\Users\suppo\Downloads\New Music\Top1000_Symphonic_Power Metal\VISIONS OF ATLANTIS & WARKINGS - Pirates & Kings (Official Video) ｜ Napalm Records.mp3,C:\Users\suppo\Downloads\New Music\Top1000_Symphonic_Power Metal\VISIONS OF ATLANTIS & WARKINGS - Pirates & Kings (Official Video) ｜ Napalm Records.mp3,KEEP,yes
C:\Users\suppo\Downloads\New Music\Top1000_Symphonic_Power Metal\VISIONS OF ATLANTIS & WARKINGS - Pirates & Kings (Official Video) ｜ Napalm Records.temp.mp3,C:\Users\suppo\Downloads\New Music\Top1000_Symphonic_Power Metal\VISIONS OF ATLANTIS & WARKINGS - Pirates & Kings (Official Video) ｜ Napalm Records.mp3,DELETE,yes
C:\Users\suppo\Downloads\New Music\Top1000_Symphonic_Power Metal\WARKINGS - Genghis Khan (feat. Orden Ogan) (Official Video) ｜ Napalm Records.mp3,C:\Users\suppo\Downloads\New Music\Top1000_Symphonic_Power Metal\WARKINGS - Genghis Khan (feat. Orden Ogan) (Official Video) ｜ Napalm Records.mp3,KEEP,yes
C:\Users\suppo\Downloads\New Music\Top1000_Symphonic_Power Metal\WARKINGS - Genghis Khan (feat. Orden Ogan) (Official Video) ｜ Napalm Records.temp.mp3,C:\Users\suppo\Downloads\New Music\Top1000_Symphonic_Power Metal\WARKINGS - Genghis Khan (feat. Orden Ogan) (Official Video) ｜ Napalm Records.mp3,DELETE,yes
C:\Users\suppo\Downloads\New Music\Top1000_Symphonic_Power Metal\WARKINGS - Heart of Rage feat. Morgana le Fay (Official Video) ｜ Napalm Records.mp3,C:\Users\suppo\Downloads\New Music\Top1000_Symphonic_Power Metal\WARKINGS - Hellfire feat. Morgana le Fay (Official Video) ｜ Napalm Records.mp3,DELETE,yes
C:\Users\suppo\Downloads\New Music\Top1000_Symphonic_Power Metal\WARKINGS - Hellfire feat. Morgana le Fay (Official Video) ｜ Napalm Records.mp3,C:\Users\suppo\Downloads\New Music\Top1000_Symphonic_Power Metal\WARKINGS - Hellfire feat. Morgana le Fay (Official Video) ｜ Napalm Records.mp3,KEEP,yes
C:\Users\suppo\Downloads\New Music\Top1000_Symphonic_Power Metal\WIND ROSE - To Be a Dwarf (Official Video) ｜ Napalm Records.mp3,C:\Users\suppo\Downloads\New Music\Top1000_Symphonic_Power Metal\WIND ROSE - To Be a Dwarf (Official Video) ｜ Napalm Records.mp3,KEEP,yes
C:\Users\suppo\Downloads\New Music\Top1000_Symphonic_Power Metal\WIND ROSE - To Be a Dwarf (Official Video) ｜ Napalm Records.temp.mp3,C:\Users\suppo\Downloads\New Music\Top1000_Symphonic_Power Metal\WIND ROSE - To Be a Dwarf (Official Video) ｜ Napalm Records.mp3,DELETE,yes
